index,mission,ndwi_threshold,quality_score,water_area_filled,water_area_filled_fraction,water_area_p,water_area_time,water_area_value
1999-02-10,L5,0.4129453952021805,0.0876939121252024,115365090.3267635,0.4701245879151267,0.55,918604800000,61129124.77710243
1999-02-26,L5,0.4281336630754013,0.0790371526964008,115199340.40818684,0.335396600813668,0.6600000000000001,919987200000,76561873.21930434
1999-05-24,L5,0.3042619447992601,0.1121162754930476,83531495.79710184,0.2426206765209814,0.9400000000000216,927504000000,63265027.77599947
1999-08-12,L5,0.445866934686893,0.0652716726794296,115732207.18137646,0.1861044830096909,0.88,934416000000,94193924.59631597
1999-09-21,L7,0.3984514638393177,0.0481976487419822,116088721.86624156,0.1863937992813542,0.28,937872000000,94450503.9438764
1999-10-07,L7,0.3364757466188412,0.0757219374828054,110575145.930666,0.0899949868375354,0.9300000000000038,939254400000,100623937.12807716
1999-10-23,L7,0.3657004436264831,0.0533831030703507,115923913.83210886,0.0116936020050295,0.3399999999999999,940636800000,114568345.72089083
1999-11-16,L5,0.4137339654992662,0.0597615517744833,114589974.8954284,0.0827717433913248,0.909999999999999,942710400000,105105162.89816566
1999-12-10,L7,0.3354903448945028,0.0539789695579272,115777342.03661542,0.0063722197476273,0.3900000000000001,944784000000,115039583.3713619
1999-12-19,L7,0.3983862717102105,0.0814961940050125,91046855.11953214,0.3226419332960705,0.9399999999999992,945561600000,61671321.763239056
1999-12-27,L5,0.4269762091554592,0.083707794547081,115469191.6895402,0.5812057332077929,0.4699999999999998,946252800000,48357835.47070981
2000-01-11,L7,0.3220457557400146,0.0500820182465218,115687029.32821506,0.0211719853241327,0.43,947548800000,113237705.24108556
2000-01-27,L7,0.3823657259121145,0.0493658728276689,115602261.06059386,0.0533942281828798,0.4900000000000001,948931200000,109429767.55506766
2000-02-05,L7,0.4456116381990446,0.0820096656680107,88017419.97914463,0.4694287602680717,0.9399999999999996,949708800000,46699511.636340566
2000-03-31,L7,0.3982921128900774,0.051201410839955,115355116.26524971,0.159294692003634,0.7799999999999999,954460800000,96979658.54873335
2000-04-16,L7,0.3983672819325342,0.0535780662049849,115823192.05493449,0.2133114630497177,0.4499999999999999,955843200000,91116777.50260796
2000-08-22,L7,0.3515155964657641,0.123148785921231,88967157.4225164,0.2997089317488656,0.940000000000009,966902400000,62302905.71068086
2000-10-18,L7,0.4145864953687153,0.0816160258319642,115461164.06212178,0.5710390277354663,0.51,971827200000,49528333.194882594
2000-10-25,L7,0.3837045098805193,0.0832647021305644,105554749.99666728,0.197191345090832,0.9300000000000048,972432000000,84740266.86409794
2000-11-19,L7,0.3837340038030518,0.0769815799138397,115574928.93101156,0.5344987986179377,0.4199999999999999,974592000000,53800268.26703236
2000-12-28,L7,0.3829485563787496,0.0849502265625855,108433301.55788717,0.1727036270833891,0.9299999999999904,977961600000,89706477.08221313
2001-01-06,L7,0.4447174507155035,0.075585431637282,90741208.04725698,0.4014117810690303,0.9399999999999988,978739200000,54316618.10865212
2001-01-13,L7,0.3200973451394122,0.2604360183080037,75511856.21550246,0.4349164922412157,0.9400000000000132,979344000000,42670504.58763309
2001-02-07,L7,0.4122070027406092,0.0761159285902977,115558387.21875183,0.5949135516682172,0.43,981504000000,46811136.65339307
2001-02-14,L7,0.3671475062645459,0.0926765060673157,106611775.82954104,0.2519663155541262,0.9299999999999882,982108800000,79749199.47908914
2001-02-15,L5,0.4282614156760725,0.076504498720169,115426133.22675104,0.4669408970448724,0.55,982195200000,61528951.03543096
2001-02-23,L7,0.4132985545222598,0.0701236501336097,115544803.0128178,0.5897273375189681,0.45,982886400000,47404873.96791511
2001-03-02,L7,0.3962127028569684,0.0456016321976979,115727551.91012377,0.2053719396855122,0.42,983491200000,91960360.09928584
2001-03-03,L5,0.4300089926210827,0.0704350530451864,115616549.77966638,0.4638661303983718,0.4299999999999999,983577600000,61985948.223361805
2001-03-18,L7,0.39808976988834,0.0615100840605719,109824051.48180346,0.1166813448648038,0.9399999999999988,984873600000,97009633.45640518
2001-04-03,L7,0.3677680806918357,0.0530055507810579,115846962.80960578,0.1064491045634132,0.4099999999999999,986256000000,103515157.3521322
2001-04-12,L7,0.3682587690766995,0.0610663285652601,85278123.03203703,0.5791003847220283,0.9300000000000032,987033600000,35893529.175811924
2001-05-05,L7,0.24258514713242,0.1294767768996804,105450232.48502412,0.11508564942897,0.9300000000000012,989020800000,93314423.99704924
2001-08-10,L5,0.1758471520850496,0.1697350442409515,116261802.98399192,0.3586735995291764,0.1399999999999999,997401600000,74561763.61997159
2001-08-17,L5,0.3826446154016671,0.0578298183239024,116091924.42049249,0.3285812635228436,0.28,998006400000,77946293.20960858
2001-09-18,L5,0.3828066069012553,0.1154125117328809,105352907.81296432,0.2066434910948529,0.9400000000000068,1000771200000,83582415.14549917
2001-10-12,L7,0.3987019888646256,0.0518570515478766,114602986.3220732,0.091291625457709,0.909999999999999,1002844800000,104140693.41842356
2001-10-28,L7,0.320936017957082,0.055890661713324,115707895.19061548,0.0073807046290291,0.4699999999999999,1004227200000,114853889.3929669
2001-11-06,L7,0.41442187015485,0.0712356865406036,92048385.08337924,0.2939744140560295,0.9300000000000024,1005004800000,64988515.01368906
2001-11-29,L7,0.3366498908351867,0.0489990196031768,115725229.0056115,0.0340843882216274,0.4199999999999999,1006992000000,111780805.37314747
2001-12-07,L5,0.2894711433638998,0.0593901517866099,115573136.42350648,0.0141544691061878,0.6299999999999999,1007683200000,113937260.03449471
2001-12-08,L7,0.3834539652015014,0.0670363940298557,115538266.77511004,0.4394035161669465,0.4699999999999999,1007769600000,64770346.10229199
2001-12-16,L5,0.4122694664102135,0.0891803503036499,115521177.20747732,0.4512490046269058,0.46,1008460800000,63392360.9792748
2001-12-23,L5,0.3509019955206594,0.0485657732933759,115695772.75521988,0.0912849390029956,0.4299999999999999,1009065600000,105134491.1963552
2001-12-24,L7,0.3977913975139024,0.0848151227408313,115458623.77837962,0.4546127841964027,0.5099999999999999,1009152000000,62969657.363005474
2001-12-31,L7,0.3984850124879496,0.1319037333030915,91552462.48794806,0.5156037720524586,0.930000000000003,1009756800000,44347667.488470815
2002-01-09,L7,0.397787599455803,0.0758009478449821,115452852.81953502,0.4826145611511552,0.5,1010534400000,59733624.92238621
2002-01-16,L7,0.3361708994301307,0.0573914411731741,115615421.34579603,0.0076986287068074,0.51,1011139200000,114725341.14407364
2002-02-01,L7,0.3661240437217197,0.0477448521802822,115625555.39810534,0.0832902805391737,0.4599999999999999,1012521600000,105995070.45149936
2002-02-17,L7,0.3514454978210332,0.0732311694763131,114462483.58249468,0.0429731502747407,0.9499999999999956,1013904000000,109543670.0746841
2002-03-05,L7,0.3979363724091131,0.0544109991192817,115647386.70695949,0.2150822986571361,0.4499999999999999,1015286400000,90773680.94033591
2002-03-29,L5,0.3827168083431517,0.1355289370874324,104188123.82290228,0.4877283109129611,0.920000000000001,1017360000000,53372626.173567705
2002-04-07,L5,-0.1026625270023942,0.0266885291785001,81548531.41850877,0.5134287159224289,0.9399999999999998,1018137600000,39679173.64694397
2002-04-15,L7,0.336250924068157,0.1473599792593761,57265940.69301184,0.4901208037315699,0.94000000000001,1018828800000,29198711.81410846
2002-07-03,L5,0.3358236663857738,0.1706466815823928,70538119.70902644,0.2723327688759862,0.9400000000000096,1025654400000,51328278.25736149
2002-07-28,L5,0.2777118517949037,0.1394115453073218,115739757.13003977,0.4264046272905705,0.32,1027814400000,66387789.128304
2002-09-13,L7,0.4770101869604535,0.065853893777747,115627962.3939674,0.2644686231770009,0.58,1031875200000,85047994.3788728
2002-11-09,L7,0.3823225804110045,0.0915881141505025,58149091.54169634,0.569780603614917,0.9400000000000074,1036800000000,25016867.063409537
2003-01-12,L7,0.4451750008115106,0.0729353800415992,89617959.80593497,0.4360834721627686,0.9399999999999998,1042329600000,50537048.725619406
2003-02-13,L7,0.383470914181091,0.2454625964164734,59127937.39919196,0.3659610664011861,0.9400000000000094,1045094400000,37489414.3744811
2003-02-20,L7,0.3655831628828094,0.0523984019334117,115742100.69336708,0.1006585056473338,0.4099999999999999,1045699200000,104091673.7970895
2003-03-24,L7,0.4145439596196448,0.0569701432747494,115778723.07344235,0.1908800883627238,0.4,1048464000000,93678870.18266034
2003-04-09,L7,0.3512652880050675,0.1425299257136057,79224597.33047828,0.2607167795640865,0.9400000000000244,1049846400000,58569415.45221446
2003-05-11,L7,0.2575215708761056,0.0947680089970138,114239276.0726132,0.0558393427323543,0.9199999999999968,1052611200000,107860229.9824985
2003-10-02,L7,0.3956748013877119,0.0472138840024959,116036893.89889026,0.4288701517671862,0.24,1065052800000,66272133.60188031
2003-10-10,L5,0.3366467185563725,0.0540319671854376,115925931.0181622,0.0080876755959351,0.36,1065744000000,114988359.69493055
2003-11-27,L5,0.3521031490976795,0.0525338022866182,115516172.1195782,0.040442331402743,0.61,1069891200000,110844428.80434193
2003-11-28,L7,0.3833876363054161,0.0740101900226717,115572682.11404428,0.5525349138173316,0.42,1069977600000,51714740.16252296
2003-12-22,L5,0.3990065219288277,0.0899289101362228,108939584.35350125,0.1790699089839136,0.9200000000000004,1072051200000,89431782.8985744
2004-01-14,L5,0.3365586614840502,0.0550040229378889,115742199.99725704,0.0156059887405858,0.43,1074038400000,113935928.52728924
2004-01-23,L5,0.1846687887363213,0.157646075061891,116016576.58981884,0.3043869520225262,0.19,1074816000000,80702644.45755592
2004-02-15,L5,0.3830292334964683,0.0490999195724725,115727910.62923178,0.1785356361044521,0.4199999999999999,1076803200000,95066354.49000268
2004-03-10,L7,0.3360429576032587,0.0558515666724045,115795085.38197485,0.1444805958661851,0.3899999999999999,1078876800000,99064942.44761132
2004-03-18,L5,0.351505021426195,0.2165490289529164,72104500.11661305,0.2839718422965887,0.9400000000000144,1079568000000,51628852.38062384
2004-05-05,L5,0.3505930961487568,0.0584382053721567,116048072.31800412,0.3367358792671198,0.35,1083715200000,76970522.64874671
2004-05-13,L7,0.3316328972578048,0.0570384980572687,115802734.1923512,0.3412362341922796,0.49,1084406400000,76286645.26738374
2004-05-21,L5,0.3825867191909151,0.1150033567100763,115477608.16534445,0.4801653215668777,0.53,1085097600000,60029265.30685792
2004-05-30,L5,0.3674354170220808,0.1430554871432724,63671468.21494998,0.229486560923702,0.9500000000000006,1085875200000,49059721.94533831
2004-06-06,L5,0.2580200168438009,0.1536451271919189,87889311.52580039,0.2587579845489367,0.9400000000000034,1086480000000,65147250.41199065
2004-07-16,L7,0.3057213491863675,0.0851509998806124,116077018.87043034,0.1460667323682413,0.38,1089936000000,99122028.02097988
2004-08-17,L7,0.383371585969625,0.0592854135346454,116012464.26623392,0.2210876073205515,0.33,1092700800000,90363546.12225129
2004-08-18,L5,0.4139409439146518,0.0619409129986759,115406487.1998975,0.4497626598040057,0.5799999999999998,1092787200000,63500958.558234654
2004-08-25,L5,0.2891875694658226,0.10629802942276,107032246.79507984,0.2174682758064433,0.9299999999999908,1093392000000,83756128.6288641
2004-09-10,L5,0.38231243213347,0.0672745261406511,103226577.18968384,0.1915498393236394,0.9300000000000056,1094774400000,83453542.91507064
2004-09-18,L7,0.476545491376222,0.1319109683686038,97651614.28378908,0.4523775354161364,0.9300000000000014,1095465600000,53476217.68468139
2004-09-19,L5,0.4146578867478322,0.0754417924612534,92780806.33649756,0.1745512488896231,0.9499999999999984,1095552000000,76585800.71747564
2004-10-04,L7,0.3048475569368503,0.0908323621472124,115208409.71713476,0.3204123926497247,0.6000000000000001,1096848000000,78294207.50629781
2004-10-12,L5,0.414449460867307,0.0540726417844945,115897497.72076827,0.1171622307464722,0.33,1097539200000,102318688.3498689
2004-10-28,L5,0.2209634408354759,0.1710675484859026,116324641.72944245,0.0121331966601164,0.14,1098921600000,114913251.97492152
2004-11-05,L7,0.4145694366789216,0.0537243860738927,115410644.91853268,0.225234355576375,0.7500000000000001,1099612800000,89416202.68365312
2004-11-29,L5,0.2573398692604831,0.0690805330872535,115907422.93197288,0.0025221128856085,0.33,1101686400000,115615091.32705846
2004-12-08,L5,0.4138014519420626,0.0926504284143447,115378870.53662875,0.2400916791225983,0.4600000000000001,1102464000000,87677363.77422066
2005-01-09,L5,0.3989273961036094,0.0972870886325836,115047096.66411611,0.2750664733959813,0.66,1105228800000,83401497.51027115
2005-01-16,L5,0.3685298926146002,0.0480722206830978,115684015.87948076,0.118440256272797,0.44,1105833600000,101982371.39204872
2005-01-24,L7,0.3357146366328781,0.0535287403632657,115216248.22735906,0.1508379474428405,0.7199999999999999,1106524800000,97837265.8326794
2005-02-01,L5,0.3529209775781642,0.0504297604318708,115666402.3477664,0.0632278746743472,0.48,1107216000000,108353061.5560892
2005-02-09,L7,0.2886712050365459,0.0573321586225233,115700965.19541308,0.1423841259320419,0.4199999999999999,1107907200000,99226984.39657058
2005-02-10,L5,0.4143538810330981,0.0598628684878349,115414499.64543308,0.3400550587479384,0.4499999999999999,1107993600000,76167215.18814142
2005-02-25,L7,0.3825425196357845,0.0476081249629855,115630933.86252493,0.3037731564873804,0.4299999999999999,1109289600000,80505360.0955222
2005-03-05,L5,0.3672686458363283,0.0490580694033549,115679557.38057986,0.1972702352004441,0.4299999999999999,1109980800000,92859423.8882296
2005-03-13,L7,0.3978767899180307,0.0727663346042486,115596637.77741362,0.2065747043941119,0.46,1110672000000,91717296.49959116
2005-03-21,L5,0.3981700324109934,0.052259837942464,114974553.2502212,0.2082642077474384,0.91,1111363200000,91029469.0064482
2005-03-29,L7,0.3358836223195398,0.1816277767138454,68976945.85064527,0.3055861635476546,0.940000000000018,1112054400000,47898545.59491228
2005-07-11,L5,0.1664478786221144,0.1617188594952373,116564568.1966386,0.0023258744620343,0.38,1121040000000,116293453.64429198
2005-09-13,L5,0.3664064215107777,0.0543768271803855,116061427.64885114,0.0674425257501643,0.32,1126569600000,108233951.82604268
2005-09-21,L7,0.413836025258729,0.0509845982084911,115767863.18330272,0.2824769233709198,0.52,1127260800000,83066113.3660578
2005-10-08,L5,0.4310709660153461,0.0519653404010377,115662142.25343604,0.4068347217538004,0.32,1128729600000,68606766.79231091
2005-10-16,L7,0.3513523920692674,0.1743443242486731,65427412.3051796,0.4348844974049981,0.94,1129420800000,36974044.98833197
2005-10-31,L5,0.4763110053102681,0.130978547605688,87467050.74688265,0.339985581449663,0.9400000000000084,1130716800000,57729514.641016565
2005-11-01,L7,0.4456186516132854,0.0730784833431243,67463440.20848745,0.3773643375986875,0.94,1130803200000,42005143.78208292
2005-11-08,L7,0.3969485451927799,0.0461384197403287,115676867.98693612,0.2517977694750191,0.41,1131408000000,86549690.64796937
2005-11-09,L5,0.3366606622276012,0.082351351734893,115424393.79970032,0.2727806282189188,0.38,1131494400000,83938855.1472302
2005-12-10,L7,0.4295052153748518,0.0610963985688523,113443858.55251996,0.1923452121658748,0.919999999999998,1134172800000,91623475.51032
2005-12-19,L7,0.4609783313373075,0.0648826960091552,40905106.35746592,0.361727362279711,0.9500000000000012,1134950400000,26108610.131008737
2005-12-26,L7,0.3662932017573582,0.0502061230175344,115804235.75594077,0.1552750531248539,0.3700000000000001,1135555200000,97822726.89685395
2006-01-27,L7,0.36722523972431,0.1475130168740628,72899568.32393341,0.2896561022257901,0.940000000000004,1138320000000,51783763.50928018
2006-01-28,L5,0.4128977270161562,0.0520445879883684,115381212.10107796,0.4421654779989111,0.45,1138406400000,64363623.300311096
2006-02-13,L5,0.397569815107842,0.0953990295529365,115403795.66532238,0.4092481120117948,0.4499999999999999,1139788800000,68175010.17029424
2006-02-20,L5,0.3832988687276576,0.0564304749880518,115767034.20141035,0.0445092598528065,0.4099999999999999,1140393600000,110614329.19375104
2006-02-21,L7,0.3817980647713197,0.0897236455000188,83689582.22432983,0.5974277355197689,0.9399999999999988,1140480000000,33691104.629452966
2006-03-01,L5,0.2893756583833541,0.2249419437004969,79628416.9634287,0.547957092927616,0.9399999999999996,1141171200000,35995461.08972024
2006-04-01,L7,0.4125379728318551,0.0510144814802822,115674293.39323582,0.3766137959095316,0.45,1143849600000,72109758.66925642
2006-04-17,L7,0.2892627917756457,0.0682129769669315,115876121.0874627,0.1319995792165518,0.37,1145232000000,100580521.8626714
2006-05-03,L7,0.4076773226261138,0.0569111283440437,115600989.7949208,0.4066352255932746,0.59,1146614400000,68593555.23085736
2006-05-11,L5,0.3197931391796121,0.198435401396079,59841931.74306355,0.443541372474939,0.94000000000002,1147305600000,33299559.20619352
2006-05-27,L5,0.3828758624516933,0.0660956214514136,115749861.63293898,0.3216493517230968,0.71,1148688000000,78518993.676666
2006-07-14,L5,0.3045298407541557,0.0853205029605602,116136306.3667874,0.0022323250291211,0.53,1152835200000,115877052.38329512
2006-07-30,L5,0.3789137085527182,0.0616522642036139,116268549.64250812,0.3357818215672224,0.23,1154217600000,77227684.25256772
2006-08-24,L5,0.3975475909461208,0.0871928505397235,90643761.4879662,0.4066947703428943,0.9399999999999996,1156377600000,53779417.726601705
2006-10-18,L5,0.3198755181387631,0.1969969007590049,68063331.26966716,0.3119146226233389,0.940000000000022,1161129600000,46833382.98220162
2006-10-26,L7,0.43111781903261,0.0466466487601101,115767501.48136972,0.2971549707683286,0.43,1161820800000,81366612.96275087
2006-11-03,L5,0.413416786669631,0.0693160034828773,105110827.8864402,0.106492240299227,0.930000000000004,1162512000000,93917340.3451067
2006-11-11,L7,0.1452866217967595,0.1181273512035104,115989373.3510388,0.1820988711296645,0.2799999999999999,1163203200000,94867839.40077744
2006-11-19,L5,0.3823392985899558,0.0515034994482994,115870362.45033224,0.1032607076067817,0.36,1163894400000,103905506.83305667
2006-11-28,L5,0.3837508447856917,0.072436868031326,109802155.64421052,0.1113667794472506,0.9300000000000026,1164672000000,97573843.19374904
2006-12-05,L5,0.3670369734557296,0.0572271142645101,115605465.13188098,0.0280431920166256,0.5899999999999999,1165276800000,112363518.87501632
2006-12-06,L7,0.3987703175783485,0.0700574424841421,115496447.73739848,0.5145971290989674,0.47,1165363200000,56062307.31060429
2006-12-30,L5,0.444655359898317,0.0532160611966481,115395659.19033498,0.1239125518113797,0.7300000000000002,1167436800000,101096688.59210429
2007-01-06,L5,0.3364262276759082,0.0544600268559796,115741811.29009756,0.0102287701361065,0.41,1168041600000,114557914.90727451
2007-01-14,L7,0.3207060667563777,0.2332945808733577,88859720.09843847,0.4614295715625545,0.939999999999999,1168732800000,47857217.52424748
2007-01-30,L7,0.3984403198919307,0.0536692821515082,114847373.68456176,0.194553591918666,0.8999999999999997,1170115200000,92503404.611805
2007-02-07,L5,0.3832916042779846,0.0635694223208428,110271518.033611,0.0581362490095953,0.9300000000000048,1170806400000,103860745.6025429
2007-02-16,L5,0.4296338649988142,0.0878252306270917,100068868.1462412,0.098292621056454,0.940000000000008,1171584000000,90232836.80999444
2007-02-23,L5,0.3824107250999811,0.0493993904245527,115682598.71014576,0.1295839133144797,0.43,1172188800000,100691994.8668965
2007-03-03,L7,0.3844799627292116,0.0496428885176073,115589750.0655791,0.1922046816670639,0.5100000000000001,1172880000000,93372858.950249
2007-04-20,L7,0.3991704442398043,0.0653941695502681,101796857.20468168,0.277732360121419,0.9399999999999984,1177027200000,73524575.80028236
2007-04-21,L5,0.3358051323714928,0.1736787268764597,79975916.12675104,0.2272618656212602,0.9400000000000264,1177113600000,61800440.22301616
2007-04-28,L5,0.3984922892981454,0.0629849948176929,110781241.89279065,0.2267431249457303,0.9200000000000004,1177718400000,85662356.92065044
2007-05-06,L7,0.3044065889032052,0.154480137065581,74368966.33152376,0.3900032712309993,0.940000000000009,1178409600000,45364826.18416144
2007-05-07,L5,0.3047466246880531,0.210267499089241,69949968.49723592,0.3508234057257668,0.9400000000000196,1178496000000,45409882.31862551
2007-07-01,L5,0.3523494134503248,0.0731118270287326,116202659.77487075,0.318584783201729,0.28,1183248000000,79182260.60302928
2007-07-09,L7,0.3446943759918213,0.062170615088812,115968837.4735112,0.4781396857804955,0.36,1183939200000,60519533.96359719
2007-07-10,L5,0.4456255072292771,0.091477822687597,57864113.32000038,0.5251456354259614,0.94,1184025600000,27477026.762208942
2007-08-11,L5,0.1891741524593573,0.1921980232000351,116121075.7502728,0.59100037296294,0.1,1186790400000,47493476.673003785
2007-08-18,L5,0.3829334682112039,0.0612871870398521,116115569.78925398,0.240297957525874,0.28,1187395200000,88213235.53194316
2007-09-27,L7,0.3675381394281779,0.0724616908328148,115201165.78816068,0.1629232269299991,0.8499999999999999,1190851200000,96432220.11185572
2007-10-22,L7,0.3672369923034722,0.0936656892299652,100787907.77733892,0.5576127745013668,0.9200000000000008,1193011200000,44587282.88542909
2007-11-07,L7,0.3978372835315424,0.0838907584547996,66344937.25376836,0.2038286075240072,0.9500000000000016,1194393600000,52821941.07706512
2007-11-14,L7,0.3503477099123678,0.0505581868008411,115731202.26416782,0.254044500834014,0.3799999999999999,1194998400000,86330326.75404699
2007-11-23,L7,0.4127211594138263,0.0816377773880958,115381307.0802035,0.4421498678952729,0.52,1195776000000,64365477.39710761
2007-12-25,L7,0.3349164383784856,0.0838877409696579,115521826.91342954,0.4103090926585586,0.4600000000000001,1198540800000,68122170.93032122
2008-01-01,L7,0.3822604011568911,0.0800202071478777,100436672.14647958,0.2130721902978757,0.9300000000000046,1199145600000,79036410.42599954
2008-01-10,L7,0.4452898290867006,0.1168731199029614,89261950.90997718,0.5919061757266377,0.9399999999999984,1199923200000,36427250.90895372
2008-01-25,L5,0.3984040324725856,0.102515795979128,90432065.98776808,0.1479320141208377,0.9400000000000182,1201219200000,77054268.32508905
2008-02-02,L7,0.3695152847087326,0.0489231798372596,115626588.93697624,0.2558176320264527,0.43,1201910400000,86047268.75582296
2008-02-10,L5,0.3517251747287453,0.0539616597816348,115622007.10191391,0.0526774485371803,0.47,1202601600000,109531334.77303734
2008-02-11,L7,0.4143285723801122,0.1242047622799873,86646189.2209808,0.4725380370834802,0.9300000000000034,1202688000000,45702569.045734726
2008-02-18,L7,0.3982351233245183,0.0615529868058687,103398135.7683202,0.2033205159294796,0.930000000000002,1203292800000,82375173.45775896
2008-02-26,L5,0.3539707499670762,0.0524281617254018,115658590.71880944,0.0374944561187965,0.46,1203984000000,111322034.76434118
2008-03-05,L7,0.3984634360503754,0.068645551262188,104394906.23030213,0.1711280746435327,0.9300000000000036,1204675200000,86530006.92451839
2008-03-21,L7,0.3815144297679884,0.0503035218313672,115074807.3906077,0.3938406456866108,0.75,1206057600000,69753670.94562839
2008-05-24,L7,0.3051788960657033,0.0892789211902477,104797961.17599964,0.1423744006472806,0.9300000000000016,1211587200000,89877414.2645097
2008-09-13,L7,0.2902429774176282,0.0614001478691519,116069738.79895642,0.1254255660610617,0.31,1221264000000,101511626.10753772
2008-09-29,L7,0.4271782074840646,0.0539758666869903,116009775.540131,0.2137219345220966,0.2999999999999999,1222646400000,91215941.88822
2008-10-07,L5,0.4134822721050673,0.0812490202236632,115936853.8592802,0.1723499991563355,0.28,1223337600000,95955137.19444506
2008-10-23,L5,0.382937225785624,0.0573345566064947,115914636.93963408,0.0323449768170857,0.36,1224720000000,112165380.69506072
2008-10-24,L7,0.4287565525332172,0.0828909203410148,115535384.94519565,0.5357427862419424,0.45,1224806400000,53638135.90512116
2008-10-31,L7,0.3839902539510984,0.0514879242773614,115723393.8186524,0.1792972990326604,0.46,1225411200000,94974501.87207514
2008-11-01,L5,0.4292367710747336,0.0760742214942714,89897160.39721197,0.3891248722068001,0.9300000000000002,1225497600000,54915939.34589265
2008-11-16,L7,0.3362357390231824,0.0495967238303161,115770043.62382242,0.21344458264075,0.3899999999999999,1226793600000,91059554.98023422
2008-11-17,L5,0.4141185980689787,0.051465771560158,115473183.62657964,0.3491919929301683,0.4700000000000001,1226880000000,75150872.50602302
2008-11-24,L5,0.3659826605704798,0.0532310759942782,115751038.33226492,0.0331928331183247,0.42,1227484800000,111908933.43362924
2008-11-25,L7,0.3981245398466564,0.0810010060667991,115323354.28268604,0.5027973349648164,0.58,1227571200000,57339079.090148166
2008-12-02,L7,0.3212116964793148,0.051961283909297,115692560.78828324,0.1528822983053271,0.4,1228176000000,98005216.19814172
2008-12-10,L5,0.2731114064344643,0.0730101882777789,115867815.18324818,0.0031066020200107,0.3399999999999999,1228867200000,115507859.99454568
2008-12-11,L7,0.3791222573702756,0.084933340549469,115490114.26983564,0.4803369005925486,0.46,1228953600000,60015950.73238352
2008-12-18,L7,0.2889026337823382,0.0628209966635159,115595635.22441602,0.1573099007797694,0.47,1229558400000,97411297.31668872
2008-12-19,L5,0.4606770165636067,0.0981366261839866,115014584.65746687,0.2603746556123162,0.75,1229644800000,85067701.78688534
2009-01-03,L7,0.335129407163889,0.0510057016033756,115481194.98420176,0.189454133548959,0.5599999999999999,1230940800000,93602805.24727142
2009-01-04,L5,0.3973011960299862,0.1031662598252296,115037360.45722656,0.2923863061928526,0.73,1231027200000,81402011.55896236
2009-01-12,L7,0.3820837511073063,0.079297624528408,115126247.22951898,0.5786871307674712,0.63,1231718400000,48504169.5442421
2009-01-19,L7,0.3340490764792603,0.0480981608236115,115654265.84612632,0.1881585832087763,0.4499999999999999,1232323200000,93892923.04246804
2009-02-12,L5,0.3693378013904678,0.0483602131716907,115310632.30230264,0.0598284208110937,0.6899999999999998,1234396800000,108411779.2689272
2009-02-20,L7,0.3979828345667477,0.0471336870750682,115297410.73455596,0.2146069025477371,0.64,1235088000000,90553790.5450387
2009-02-21,L5,0.398105145864736,0.0994470401713969,74459976.05130687,0.1921725918306552,0.9400000000000152,1235174400000,60150809.46587871
2009-02-28,L5,0.364852710146653,0.0491037511133721,115663242.9196826,0.0966651816656729,0.4599999999999999,1235779200000,104482634.53081062
2009-03-08,L7,0.3515184596060237,0.1707914295548688,93972830.2980105,0.3928501964048111,0.9399999999999996,1236470400000,57055585.45872108
2009-04-09,L7,0.1755189790951715,0.081310479854501,115378913.59738722,0.1661426787561564,0.82,1239235200000,96209551.82034218
2009-04-17,L5,0.3823101947440303,0.0638447162442839,113856433.67436618,0.0740922058735982,0.9200000000000008,1239926400000,105420559.35053135
2009-04-18,L7,0.3200424042251956,0.1553511722563396,60885396.71264744,0.465413075292546,0.9400000000000004,1240012800000,32548536.988207523
2009-05-27,L7,0.3361900105259853,0.0801115170565457,97218021.25607376,0.3771625015286952,0.9399999999999986,1243382400000,60551029.16546311
2009-06-05,L7,0.3043382637480817,0.0983125381684022,87098813.71733207,0.5446656384274402,0.9399999999999992,1244160000000,39659082.73770871
2009-06-12,L7,0.3526617505086591,0.0682169868648422,115942331.64461732,0.4148329608431848,0.45,1244764800000,67845630.92141823
2009-07-23,L7,0.1940170182668022,0.0835542678833007,115021337.14333545,0.5846992705857808,0.66,1248307200000,47768445.21382603
2009-07-30,L7,0.1380075152311735,0.1184238288129165,116266184.90804233,0.13827843164123,0.2800000000000001,1248912000000,100189079.20604897
2009-09-16,L7,0.3964736001429195,0.0481840981839736,115996619.99310464,0.4174834393579861,0.3,1253059200000,67569952.12448198
2009-09-24,L5,0.2148857442234301,0.1800885143628557,115991014.5557636,0.4494190474461936,0.19,1253750400000,63862443.28179474
2009-09-25,L7,0.2741919017533292,0.1109727315583558,102363223.77557635,0.5799728782108146,0.9299999999999996,1253836800000,42995330.25951765
2009-11-11,L5,0.3668919295175439,0.0528816514879981,115843575.02401105,0.0492822963034238,0.45,1257897600000,110134537.63482982
2009-11-27,L5,0.3671635981494767,0.1313146077739028,100544939.09632827,0.1582756641986312,0.9300000000000036,1259280000000,84631122.07904601
2009-12-06,L5,0.3986231112267582,0.0958618596196174,115565898.44069678,0.2930589588073516,0.47,1260057600000,81698276.57003003
2009-12-14,L7,0.3821932091732219,0.0948325395584106,114679636.1748152,0.5488930723109646,0.81,1260748800000,51732778.34331725
2010-01-06,L7,0.398188261346649,0.0564146793516666,111722752.57880852,0.2334074771427893,0.9200000000000004,1262736000000,85645826.75994077
2010-01-14,L5,0.4137675619983851,0.0603336518970481,115111748.36950642,0.076485889604623,0.9099999999999998,1263427200000,106307323.8915212
2010-01-31,L7,0.3981481211910233,0.0764858275651931,115594565.97214492,0.5224386115709032,0.43,1264896000000,55203501.42051637
2010-02-16,L7,0.4452077317733007,0.0754767283797264,113522326.80939794,0.4448170022821884,0.91,1266278400000,63025665.70594264
2010-02-23,L7,0.3518243533047828,0.1233306267378763,78312529.79024966,0.2341101555352522,0.9400000000000154,1266883200000,59978771.26069524
2010-03-19,L5,0.4141321440803281,0.0536230261400282,115661058.0476668,0.2028334900897332,0.64,1268956800000,92201121.97638728
2010-03-27,L7,0.3523499322816348,0.0543012692523707,115680965.86572272,0.2228731195892402,0.55,1269648000000,89898788.1261327
2010-04-05,L7,0.3989252036644353,0.0661760792136192,115818124.92425412,0.5669281399641711,0.31,1270425600000,50157570.78680873
2010-05-14,L7,0.3201919643447273,0.2052217724109159,73635876.30978091,0.398429338278499,0.9400000000000032,1273795200000,44297182.8381175
2010-07-17,L7,0.334703248717002,0.0587209496202023,116222979.36944692,0.474339518487822,0.24,1279324800000,61093827.298123404
2010-08-02,L7,0.3199906906005049,0.0674186274395925,97650496.30428056,0.3389352318538006,0.9399999999999984,1280707200000,64553302.698750526
2010-09-11,L5,0.3360056767381,0.2284580829793529,80777606.77761754,0.2294877869581865,0.9400000000000276,1284163200000,62240132.56244348
2010-10-05,L7,0.4144673908135055,0.0515877965719032,115780493.06185766,0.2156919868348442,0.42,1286236800000,90807568.47662768
2010-10-21,L7,0.3828225751789741,0.0495415640126414,115808411.11928616,0.2168275809352475,0.3699999999999999,1287619200000,90697953.48433672
2010-10-22,L5,0.3507132628770751,0.0943298563361167,115643860.3275716,0.2505500943045803,0.4199999999999999,1287705600000,86669280.21675283
2010-11-23,L5,0.3966769724809679,0.0912615731358528,115540944.97091754,0.3344467964827586,0.4699999999999999,1290470400000,76898646.06280346
2010-11-30,L5,0.272314155196758,0.0590908199805637,115700583.09393102,0.0064347322849931,0.5200000000000001,1291075200000,114956080.81650396
2010-12-08,L7,0.3670739275247032,0.0799759799309674,99158901.73190103,0.1820182591008748,0.9300000000000048,1291766400000,81110171.0643057
2010-12-16,L5,0.3983004190477689,0.1656748849086432,82413794.51950344,0.3088775038871406,0.940000000000012,1292457600000,56958027.38245151
2011-01-01,L5,0.3700160861442934,0.0608089049657185,115828011.84941605,0.0195797313730583,0.38,1293840000000,113560130.49192908
2011-01-09,L7,0.334840636083058,0.0529834003051921,115735249.96516068,0.1326954222109169,0.3999999999999999,1294531200000,100377712.10634768
2011-01-10,L5,0.3679557526808585,0.0956220403313636,115529090.02434412,0.3878738637122871,0.4899999999999999,1294617600000,70718375.50543712
2011-01-26,L5,0.3976572700861302,0.0534459080764065,115520684.53622082,0.417007623300729,0.4899999999999999,1296000000000,67347678.43569809
2011-02-11,L5,0.3682554662910995,0.0973526015877723,115600646.73591354,0.3431072862569407,0.45,1297382400000,75937222.54480699
2011-02-18,L5,0.3528902786264479,0.0563143834006041,115722550.30296804,0.0236353571770508,0.43,1297987200000,112987406.49311817
2011-02-26,L7,0.3668007566838083,0.048528244124844,115726571.8759172,0.2104278329680942,0.3900000000000001,1298678400000,91374480.13924156
2011-03-22,L5,0.4451836769532757,0.080001970181393,95489952.23090445,0.1854819557681374,0.9400000000000006,1300752000000,77778289.13491027
2011-04-08,L7,0.3521229337085368,0.1046452224254608,82527800.86549287,0.5993171183231927,0.9399999999999988,1302220800000,33067477.069235403
2011-04-15,L7,0.3690176109472911,0.0526170050238207,115407820.48883273,0.4566257532776471,0.71,1302825600000,62709637.52398799
2011-05-01,L7,0.3844212778976985,0.0540518050413128,115907540.75460806,0.3504487035995419,0.42,1304208000000,75287893.3597446
2011-05-17,L7,0.3356486645231936,0.0956009443707877,90751515.13810214,0.4148984319625162,0.9399999999999996,1305590400000,53098853.80908101
2011-08-21,L7,0.366937372755228,0.0550193182357615,116016350.14513732,0.2099626395997988,0.3099999999999999,1313884800000,91657251.0319298
2011-08-30,L7,0.4294580123805302,0.0768695473670959,44581769.22123736,0.3694473253502765,0.9500000000000012,1314662400000,28111153.82306794
2011-09-22,L7,0.2745573088749131,0.058469946540462,116052088.83850531,0.1243075338623158,0.31,1316649600000,101625939.87542036
2011-10-24,L7,0.3356867141534971,0.1464711830671158,84274319.80528972,0.2442282866480248,0.9400000000000006,1319414400000,63692147.07081611
2011-10-25,L5,0.3344759374808699,0.0885839909315109,115723826.64616647,0.5648357591457839,0.35,1319500800000,50358871.17122394
2011-12-27,L7,0.211030566157154,0.0657194468119551,115816105.90108187,0.1375928152293943,0.37,1324944000000,99880641.84124637
2012-01-05,L7,0.3676271117870825,0.0877852216362953,115323432.49113049,0.4732964582645766,0.56,1325721600000,60741260.3381644
2012-01-12,L7,0.2900837206966919,0.0539847758597188,115699523.3840485,0.1382290776809972,0.4199999999999999,1326326400000,99706484.97854052
2012-02-13,L7,0.365901781854636,0.0529566847231609,115525418.59623836,0.1571450549007717,0.5,1329091200000,97371170.34849784
2012-02-29,L7,0.430812554883034,0.072438685432466,106270624.56334352,0.2279770698468324,0.9300000000000032,1330473600000,82043358.96459964
2012-03-25,L7,0.3523830493372204,0.0741275564231024,82901147.2632238,0.5271040826691042,0.9399999999999984,1332633600000,39203614.08282589
2012-04-17,L7,0.3775168061256408,0.051032444386023,115734051.63731326,0.438658690166075,0.47,1334620800000,64966304.138476536
2012-06-04,L7,0.3360094484196765,0.170094695966455,75470776.66890219,0.435416732240277,0.940000000000004,1338768000000,42609537.71209306
2012-07-22,L7,0.3664415274924457,0.0918212440618522,85987071.09907413,0.3259712698349685,0.9499999999999958,1342915200000,57957756.34351921
2012-07-31,L7,0.2869188263058075,0.0911786258220672,115652018.85457164,0.5889226130311626,0.43,1343692800000,47541929.70840802
2012-08-07,L7,0.3674728362296775,0.0990752119256177,90569530.01487245,0.1727823018867339,0.9400000000000106,1344297600000,74920718.13810313
2012-08-23,L7,0.4294503571012983,0.271408197491668,91235558.5102376,0.4285943592345834,0.939999999999999,1345680000000,52132512.771132976
2012-09-08,L7,0.3998137177838073,0.0502859631453819,115386154.39027742,0.393569035247843,0.75,1347062400000,69973736.92593728
2012-09-24,L7,0.3819753420408641,0.0471401253211131,115931070.7319527,0.3365887263580389,0.2999999999999999,1348444800000,76909979.28896102
2012-10-03,L7,0.367698512684795,0.0818932026994069,82095431.95980012,0.58070572544241,0.9399999999999992,1349222400000,34422144.58807638
2012-10-10,L7,0.3832223285484242,0.0849942075965004,97780373.93834826,0.2764730384750665,0.9300000000000044,1349827200000,70746736.85238491
2012-11-11,L7,0.3655524678282684,0.0480184103813154,115683734.86192462,0.1911079486675674,0.4199999999999999,1352592000000,93575653.59825943
2012-11-20,L7,0.3975674944807078,0.0890545472502708,115469857.12533404,0.5930813976885796,0.48,1353369600000,46986832.870540336
2012-11-27,L7,0.3060375881582506,0.0534665573075581,115547849.133161,0.1319647065660175,0.5599999999999999,1353974400000,100299611.12796897
2012-12-13,L7,0.1837568892896871,0.1120643681192774,115875200.74175286,0.2009528754488067,0.26,1355356800000,92589745.95948993
2012-12-29,L7,0.060546875,0.1423147181954838,116453778.87571518,0.130180490808857,0.21,1356739200000,101293768.78512847
2013-01-07,L7,0.3668371235313816,0.0816248792326529,67403573.13112457,0.3885647221734927,0.9499999999999984,1357516800000,41212922.46392845
2013-01-14,L7,0.3690598535321837,0.0558284103716193,115736642.1719631,0.1448486636112634,0.41,1358121600000,98972344.22249924
2013-01-23,L7,0.4286417922433151,0.0906239002943039,53941331.741206124,0.2548889828279493,0.95,1358899200000,40192280.56130512
2013-01-30,L7,0.3668412015680947,0.2601223261362221,92469254.0966452,0.4539815617993585,0.9399999999999996,1359504000000,50489917.70342848
2013-02-08,L7,0.367130065055496,0.0884318351745605,115481950.62904216,0.5801920871546845,0.48,1360281600000,48480236.66488395
2013-03-03,L7,0.3657058127194281,0.0470766176875085,115717288.28252244,0.2850882486254806,0.4000000000000001,1362268800000,82727649.23036827
2013-03-19,L7,0.3828828908008982,0.1983737983577267,73802441.82447246,0.1995389524888456,0.9400000000000106,1363651200000,59075979.89169825
2013-04-04,L7,0.367455655422541,0.1856051312049283,101972391.97893204,0.3763218355736136,0.9399999999999994,1365033600000,63597954.25158832
2013-04-12,L8,0.4144304554582687,0.0721300906872035,109635287.16335396,0.1264801076151165,0.9299999999999824,1365724800000,95768604.24451876
2013-04-28,L8,0.2617009974865784,0.0829595635328375,115749589.3200473,0.0229029738543689,0.7299999999999999,1367107200000,113098579.50219633
2013-05-06,L7,0.3359757583068724,0.0598263787881781,115636774.82906896,0.3701620379357043,0.69,1367798400000,72832430.59802864
2013-05-14,L8,0.4458108224141369,0.0839027254147699,101213390.7915844,0.098359897137046,0.9400000000000082,1368489600000,91258052.08443253
2013-05-22,L7,0.3033492863178253,0.058479103617212,116015808.35835908,0.5237464159459307,0.3400000000000001,1369180800000,55252944.53759856
2013-06-07,L7,0.320721443737573,0.1533240911345292,78501214.87750557,0.363579924864696,0.9400000000000088,1370563200000,49959749.07055473
2013-08-18,L8,0.4302762949628159,0.0693734518456329,110212713.33380055,0.025300246104236,0.930000000000005,1376784000000,107424304.5626398
2013-09-27,L7,0.3515952624767703,0.1179897508102482,92127566.94528864,0.3976098059148957,0.9300000000000016,1380240000000,55496742.93276085
2013-09-28,L8,0.4283500472800958,0.0495735138069813,115755038.5639092,0.5895718759951765,0.3300000000000001,1380326400000,47509123.32189127
2013-10-05,L8,0.4445847344704511,0.0483563652055131,115300196.16274609,0.0282643249545901,0.7899999999999999,1380931200000,112041313.95107424
2013-10-21,L8,0.351292459210015,0.1663100239303377,82737571.14296678,0.2269476173692368,0.94000000000001,1382313600000,63960476.50515275
2013-10-30,L8,0.3512123872730583,0.0869045249586958,82015326.83036634,0.5859745205912378,0.9300000000000024,1383091200000,33956435.009808734
2013-11-22,L8,0.2612342421359162,0.10378116909042,116003151.02257302,0.0037055645165038,0.24,1385078400000,115573293.86234114
2013-12-01,L8,0.4302300426449094,0.0465864847888642,115376488.99368674,0.5060995019146831,0.54,1385856000000,56984505.38131697
2013-12-08,L8,0.2732016320362327,0.1077414728484178,105332385.04356036,0.2767656868703554,0.9299999999999938,1386460800000,76179995.14728662
2013-12-16,L7,0.3824392357621963,0.0602229770362879,114989931.8638864,0.1947961171039784,0.8899999999999998,1387152000000,92590339.63075028
2013-12-24,L8,0.3042143809289302,0.0593372190755275,115744448.59595884,0.002743072566392,0.51,1387843200000,115426953.17430308
2013-12-25,L7,0.351554629584142,0.0830193236470222,115241166.21032472,0.5690514416254915,0.59,1387929600000,49663014.443736576
2014-01-02,L8,0.3673455875966092,0.1583803541980484,85893601.75676128,0.5996286159179114,0.939999999999999,1388620800000,34389340.21915023
2014-01-10,L7,0.3989650843289082,0.0722542039677055,47373628.76703813,0.1034279842959129,0.9600000000000016,1389312000000,42473869.8348805
2014-01-17,L7,0.3520443944373534,0.0544340359735581,115607013.29133832,0.1564838693915783,0.49,1389916800000,97516380.52270608
2014-01-25,L8,0.3671715690207798,0.1926777127550029,69984798.30163237,0.199986330420064,0.9400000000000216,1390608000000,55988795.30410058
2014-02-18,L7,0.362812829770627,0.0476651129036776,115684699.82515326,0.2986015245727988,0.4,1392681600000,81141072.0876159
2014-02-26,L8,0.3984038900911156,0.0486420096740836,115707228.3173542,0.0026407428296781,0.43,1393372800000,115401675.2838332
2014-03-06,L7,0.3665758745336638,0.0574865308935018,101383065.421606,0.2172376516919345,0.9300000000000038,1394064000000,79358846.36808653
2014-04-16,L7,0.3975375091065352,0.0812612421143265,84295051.80692305,0.5450062348738873,0.939999999999999,1397606400000,38353723.00313265
2014-04-23,L7,0.2576577772902907,0.1893764029343088,75471637.12429816,0.3084044564659339,0.9400000000000032,1398211200000,52195847.89838478
2014-05-17,L8,0.4763447517335728,0.0912529437152637,73879553.65158069,0.5366758762296789,0.9400000000000004,1400284800000,34230179.46016104
2014-06-18,L8,0.4454841853516683,0.058939402371093,116168149.81309748,0.0140846762130398,0.41,1403049600000,114531959.03671212
2014-06-27,L8,0.3669790723618651,0.0907661473482343,84794109.4056727,0.4862941621066667,0.9300000000000044,1403827200000,43559229.02066006
2014-07-12,L7,0.3678965387887475,0.0691560702798431,116094453.06189114,0.2792249456002867,0.31,1405123200000,83677985.72118954
2014-07-20,L8,0.1816316766482664,0.2721364083347951,116211527.79002096,0.0487695270122943,0.38,1405814400000,110543946.54632556
2014-07-21,L7,0.3674476916430945,0.0810016468167305,60048073.92831743,0.568497003277823,0.9499999999999978,1405900800000,25910923.8474638
2014-08-13,L7,0.335229768207046,0.0600072034994402,97097757.43293886,0.3781376998833151,0.9300000000000038,1407888000000,60381434.77341929
2014-09-14,L7,0.3357035712505113,0.1192694711431335,86563271.86442533,0.24693339512081,0.9400000000000128,1410652800000,65187909.2501771
2014-09-15,L8,0.1622736304998397,0.166906538948014,116301885.63218148,0.5231046828811616,0.09,1410739200000,55463824.63007806
2014-09-30,L7,0.4145075671797937,0.055556529979295,103382555.84189256,0.2514286351382325,0.9300000000000024,1412035200000,77389220.9294634
2014-10-08,L8,0.3998060304352489,0.053445380046425,115544594.88334297,0.0151217423379807,0.74,1412726400000,113797359.29097068
2014-10-24,L8,0.4148790395889755,0.0456347606248325,115898049.67188174,0.0029216873831704,0.3300000000000001,1414108800000,115559431.80242132
2014-10-25,L7,0.1915269790127691,0.1168949455022811,115841884.91727456,0.558818467305098,0.27,1414195200000,51107300.33806964
2014-11-17,L7,0.2114258828097964,0.0661064897687355,115883980.73689486,0.1227765708807102,0.33,1416182400000,101656142.96201263
2014-11-25,L8,0.4141801590608251,0.0496907769606031,115552653.10646832,0.0112824505951509,0.71,1416873600000,114248936.006656
2014-12-03,L7,0.3374363529017943,0.0509174419846555,115672140.76033346,0.2115512961631708,0.4600000000000001,1417564800000,91201549.45251615
2014-12-04,L8,0.2381036959995527,0.0998726514252749,115740450.96942204,0.556219306399262,0.3199999999999999,1417651200000,51363377.60887232
2014-12-11,L8,0.3365503207394579,0.0534655232639873,115680108.24918626,0.0017676660616451,0.5299999999999999,1418256000000,115475624.44782671
2014-12-20,L8,0.3982161856117991,0.1113489225485661,84466270.10288757,0.5498848371814852,0.9399999999999986,1419033600000,38019548.92003389
2015-01-04,L7,0.336890753827257,0.0500724595145642,115601641.37971434,0.2315554566052761,0.5,1420329600000,88833450.5257152
2015-01-05,L8,0.413905104448743,0.096434304288224,43617150.50263767,0.3786529270406388,0.9500000000000004,1420416000000,27101388.795641843
2015-01-12,L8,0.350611072106503,0.0525095723569393,115669339.70439744,0.0035605607018512,0.49,1421020800000,115257491.9990369
2015-01-20,L7,0.3527623509463877,0.0490194858711253,115464973.62130734,0.1583734197821541,0.57,1421712000000,97178390.88384467
2015-01-21,L8,0.3808513768089402,0.0588369396599856,115296993.81744018,0.5983045546956326,0.59,1421798400000,46314277.27375152
2015-01-28,L8,0.3517692936061429,0.0485851011342472,115703899.76640344,0.0023672233683978,0.43,1422403200000,115430002.79106164
2015-01-29,L7,0.367913426468575,0.0956586301326751,115350899.5996275,0.5867389978346792,0.54,1422489600000,47670028.369213365
2015-02-05,L7,0.3508355792504533,0.0494839250201665,115487442.09734608,0.1589218880213639,0.55,1423094400000,97133959.75647788
2015-02-06,L8,0.429039308658013,0.0490578010678291,115418226.65786318,0.5651021972913486,0.51,1423180800000,50195133.16603379
2015-02-13,L8,0.3829754588486522,0.0536953357434388,114821024.27404736,0.0362510837222651,0.9099999999999988,1423785600000,110658637.71001264
2015-02-14,L7,0.3791122352716997,0.0536663360802781,114943938.69813874,0.5532404665438563,0.71,1423872000000,51352300.426392056
2015-02-21,L7,0.3671223280421212,0.0705468318042152,115463529.16556376,0.1409139417903026,0.56,1424476800000,99193108.1378246
2015-02-22,L8,0.3973937812185443,0.0544209796935319,115536936.72052597,0.5654775220267,0.45,1424563200000,50203396.0412473
2015-03-09,L7,0.3646494352176012,0.0490619592848375,115582700.15801647,0.2378778120580485,0.5,1425859200000,88088140.33266605
2015-03-25,L7,0.3517839432923626,0.0495157148945668,115582608.6732509,0.2309847524648413,0.5,1427241600000,88884788.41961943
2015-04-10,L7,0.3528961543088066,0.0641972879037885,114699368.35915004,0.1655997921467626,0.9099999999999996,1428624000000,95705176.79950984
2015-04-11,L8,0.4295700326187839,0.0693707192012437,83713753.5701105,0.495166801659204,0.930000000000005,1428710400000,42261481.959912114
2015-06-29,L7,0.4604291968112959,0.1490891407259175,67424552.45853536,0.4554180244348341,0.9400000000000006,1435536000000,36718195.97946635
2015-07-16,L8,0.4139038751672637,0.1164254808917079,69255914.9917289,0.3361282796590907,0.9400000000000006,1437004800000,45977043.42934283
2015-09-01,L7,0.383020465834099,0.0519714102437958,116170470.05724284,0.364283445602553,0.25,1441065600000,73851490.9475222
2015-09-02,L8,0.3670474938680773,0.1475951373577118,56116569.93122223,0.4673833051528453,0.9400000000000084,1441152000000,29888622.002926808
2015-09-09,L8,0.429388802929195,0.0955164020034186,96922302.77311105,0.122837960558358,0.9400000000000194,1441756800000,85016564.76784238
2015-09-17,L7,0.3814925861843465,0.0521952487424818,115441470.55809312,0.3204040186297084,0.76,1442448000000,78453559.47475691
2015-09-18,L8,0.4298883864684287,0.0554002352468474,92143164.04612435,0.3420551137429766,0.9399999999999996,1442534400000,60625123.58768955
2015-10-03,L7,0.3981088173546211,0.0673788727448146,115263095.08879536,0.2349845324135988,0.69,1443830400000,88178050.5848106
2015-10-11,L8,0.4289491190673659,0.0470545807432743,116004628.56502378,0.0032800957031937,0.31,1444521600000,115624122.28131706
2015-11-04,L7,0.3823539184917963,0.0518894033081853,115783731.25129634,0.1654532715003431,0.3999999999999999,1446595200000,96626934.12925284
2015-11-05,L8,0.4143087311488825,0.0515260398897002,115609921.44130374,0.4802693976697704,0.4199999999999999,1446681600000,60086014.10603932
2015-11-28,L8,0.3681071214329976,0.0539414463264326,115604567.16672032,0.0010590960411519,0.7199999999999996,1448668800000,115482130.82729496
2015-12-06,L7,0.3051613635864688,0.0617565027446658,115415488.00523804,0.1550436998133654,0.6300000000000001,1449360000000,97521043.72914083
2015-12-14,L8,0.3356696431815574,0.1190278331271177,107950125.70695852,0.231813087016488,0.9299999999999924,1450051200000,82925873.82301052
2015-12-15,L7,0.2891912735721526,0.0978720858693122,115549984.9598929,0.4711251334358228,0.42,1450137600000,61111482.87715604
2015-12-30,L8,0.3670966553994838,0.0548762687277503,115788945.77784269,0.0023272333732809,0.4099999999999998,1451433600000,115519477.87897146
2015-12-31,L7,0.1603530790495156,0.1193464323878288,115763688.33328444,0.4755416975974615,0.32,1451520000000,60713227.46313091
2016-01-05,S2,0.3514417591839023,0.0632013617144035,115483136.89124258,0.015593352525694,0.6399999999999999,1451952000000,113682367.62692446
2016-01-07,L7,0.2567446411776873,0.1852852860055336,115463872.28794517,0.4053226494469669,0.51,1452124800000,68663749.656789
2016-01-08,L8,0.3509517236581453,0.116095986442644,67168125.46251053,0.5288877700906021,0.9499999999999992,1452211200000,31643725.365477543
2016-01-16,L7,0.3668173805240337,0.1023476347327232,84633847.47516564,0.5814515821810412,0.9399999999999996,1452902400000,35423362.95466165
2016-01-22,S2,0.383727829138588,0.0534407407459285,115598155.61414777,0.0053906012286581,0.5999999999999999,1453420800000,114975012.0544635
2016-01-23,L7,0.3827949747695331,0.056196557283304,114863327.26347277,0.1684953398612377,0.9,1453507200000,95509391.89862137
2016-01-31,L8,0.2769201688110869,0.1606474343546173,115830034.91664842,0.4990917655730232,0.26,1454198400000,58020218.28371342
2016-02-01,L7,0.3708072874870765,0.0929168760776519,115351946.28338498,0.4638223268502001,0.5700000000000001,1454284800000,61849138.15152606
2016-02-04,S2,0.3344946340868842,0.0554727080539193,114651590.07358308,0.0300911713178792,0.9099999999999984,1454544000000,111201589.43481162
2016-02-09,L8,0.4605721948029279,0.0556868308987865,113157714.96917889,0.5738357690116167,0.91,1454976000000,48223770.58024279
2016-02-16,L8,0.4140910125903238,0.0830894794603569,90012204.10648072,0.1202631291765108,0.9400000000000124,1455580800000,79187054.77656056
2016-02-24,L7,0.3508434585756638,0.0477262371248847,115570294.54225837,0.226700812352741,0.48,1456272000000,89370414.88568284
2016-03-04,L7,0.398260076076647,0.0817291846942276,83466246.61383653,0.56586996091819,0.9399999999999994,1457049600000,36235204.90447685
2016-03-05,S2,0.3989806428766146,0.0461047621709959,115624726.4828192,0.0044725207175091,0.53,1457136000000,115107592.49816848
2016-03-11,L7,0.3515444046302366,0.049504181873735,115330737.02084014,0.1619531251701149,0.67,1457654400000,96652563.7321424
2016-03-12,L8,0.3966428162847473,0.0502146954337755,115584275.67332256,0.5627261478753046,0.4299999999999999,1457740800000,50541981.46871648
2016-03-19,L8,0.4143231505403567,0.0466818274422125,115674926.3765329,0.0040678195487053,0.4599999999999999,1458345600000,115204381.64972338
2016-03-27,L7,0.2146655254878205,0.2084235523667288,116410857.73993772,0.1428534198996073,0.25,1459036800000,99781168.59834094
2016-04-04,L8,0.3828282152089686,0.1586788564920425,92919128.2831448,0.1203629958670257,0.9400000000000194,1459728000000,81735103.62963301
2016-04-12,L7,0.44542568096957,0.104657884840612,115204518.3173177,0.5137850567815012,0.6399999999999999,1460419200000,56014158.33216912
2016-04-21,L7,0.4309567131670603,0.0715373381972312,69470796.30070847,0.4030301621214762,0.9499999999999996,1461196800000,41471970.004925884
2016-04-29,L8,0.383114130304665,0.0808273914870045,102959438.89241344,0.4785430963618661,0.9200000000000006,1461888000000,53688910.20515756
2016-05-04,S2,0.4296974411758108,0.0721830714468437,102592803.09885684,0.0710667009167213,0.9400000000000136,1462320000000,95301871.0448223
2016-05-06,L8,0.429476876963026,0.067211051692162,115673452.01423776,0.0524457452010809,0.5800000000000002,1462492800000,109606871.6233696
2016-05-22,L8,0.3044582918408063,0.1138176234453938,115646886.40413415,0.1751810347856021,0.5100000000000001,1463875200000,95387745.17412494
2016-06-16,L8,0.3823298052516046,0.1318785995244979,58052449.18437885,0.4118809118844605,0.9400000000000136,1466035200000,34141753.47719058
2016-06-20,S2,0.4142307714280103,0.0684974209431786,115756807.89754236,0.003528700714397,0.69,1466380800000,115348336.766818
2016-07-01,L7,0.3204976961407537,0.0657980024798126,101182022.0247338,0.2972083751274554,0.9399999999999996,1467331200000,71109877.66665226
2016-07-02,L8,0.1427462306123159,0.1994284177871094,115908870.09173074,0.463101061528119,0.4599999999999999,1467417600000,62231349.311725385
2016-07-03,S2,0.4457328573753625,0.0622311107814312,115520853.14975776,0.0082962121863908,0.8599999999999997,1467504000000,114562467.64007448
2016-08-02,L7,0.24276497104221,0.1577196235941366,115696166.36327642,0.4631419342363239,0.4,1470096000000,62112420.09006106
2016-08-27,L7,0.4768777518111224,0.0913769900798797,64412327.02945104,0.4755747171819348,0.9400000000000006,1472256000000,33779452.81938957
2016-09-01,S2,0.4454197192059342,0.050309727917869,115059471.63406672,0.0205495477783813,0.909999999999998,1472688000000,112695051.52436715
2016-09-03,L7,0.367858597116415,0.0524864749102569,115719161.52536198,0.2088002256046362,0.53,1472860800000,91556974.49208708
2016-09-04,L8,0.4295403508290852,0.0519798472060263,115763914.91261578,0.4974293014455125,0.3599999999999999,1472947200000,58179551.58503557
2016-09-19,L7,0.1501116499095115,0.1879382389453437,116580373.73140892,0.1213955545645973,0.17,1474243200000,102428034.61093652
2016-09-27,L8,0.1854484985787159,0.1806731889872039,116409503.62628502,0.1098549346685532,0.11,1474934400000,103621345.21062076
2016-10-05,L7,0.3676013252479118,0.0461443001450464,115849672.96755987,0.3687455682137138,0.3,1475625600000,73130619.4817641
2016-10-13,L8,0.4127990777948441,0.0523256405644951,115316980.09662804,0.0328840553873091,0.8699999999999997,1476316800000,111524890.1360333
2016-10-21,L7,0.3667951810940579,0.0460976534487651,115634207.68902136,0.3119131714818929,0.45,1477008000000,79566375.2369428
2016-10-29,L8,0.1778700156276169,0.1304149250493317,116214201.66033442,0.0275777450366191,0.22,1477699200000,113009276.03731148
2016-11-07,L8,0.4603639603983581,0.0661053328371759,115489584.418749,0.5555496639855613,0.4499999999999999,1478476800000,51329384.60108089
2016-11-17,S2,0.3511561791998275,0.0486033332844575,115643800.84406024,0.0042645969160456,0.55,1479340800000,115150626.64762086
2016-11-22,L7,0.3372818611400984,0.0480994688468458,115513099.00305425,0.1784381159403009,0.54,1479772800000,94901159.2505238
2016-11-30,L8,0.3191102756326427,0.0534188200465657,115733515.90962498,0.0023910155324945,0.4199999999999999,1480464000000,115456795.27545486
2016-12-01,L7,0.3676962663822639,0.0851546749472618,42182744.53289293,0.4473914304687564,0.950000000000001,1480550400000,23310546.115223844
2016-12-08,L7,0.3193964886924494,0.0510153722577945,115423626.73209731,0.2415128436320804,0.61,1481155200000,87547338.41770068
2016-12-09,L8,0.10469898793783,0.0868026941421222,115880168.98434526,0.5022934367714643,0.2999999999999999,1481241600000,57674320.65154043
2016-12-27,S2,0.3818312350576331,0.0475757575847885,115271652.02437294,0.006829215460471,0.5899999999999999,1482796800000,114484437.07621405
2017-01-01,L8,0.3514309014467433,0.0515924067809604,115552282.55326869,0.0061897086426535,0.6,1483228800000,114837047.59127036
2017-01-02,L7,0.398286063256677,0.0901365652680397,101431391.74839726,0.5967423177110918,0.9299999999999996,1483315200000,40902987.94779698
2017-01-06,S2,0.3969560693862587,0.0461030303303039,115464532.95103118,0.0043112581179106,0.5600000000000002,1483660800000,114966735.54601528
2017-01-10,L8,0.398433868672282,0.1666913457144764,60798490.238847084,0.5245943010902506,0.949999999999996,1484006400000,28903948.74465667
2017-01-17,L8,0.3660783230056199,0.0514395803763162,115474384.42247348,0.0203087290878288,0.7800000000000001,1484611200000,113129246.43265368
2017-01-19,S2,0.3829326727766815,0.0515428571296589,115522429.75309344,0.0036836176784767,0.5800000000000002,1484784000000,115096889.28859437
2017-01-25,L7,0.3671146874861893,0.049510456545423,115645076.60039932,0.2349708382665409,0.4299999999999999,1485302400000,88471856.01020516
2017-01-26,L8,0.4453443503437134,0.0521277301013469,115489501.67505644,0.5623953182014513,0.4799999999999998,1485388800000,50538746.63158603
2017-01-29,S2,0.3677232443111375,0.083022407519466,113744070.08153816,0.118842114878384,0.9200000000000008,1485648000000,100226484.23817304
2017-02-05,S2,0.3992001278291128,0.0485810813670222,115523005.80991504,0.0042098272223828,0.5800000000000001,1486252800000,115036673.91524497
2017-02-10,L7,0.3671224820189437,0.0465765781896874,115425651.27045137,0.2164185839348417,0.5900000000000001,1486684800000,90445395.27274342
2017-02-11,L8,0.4447588828504964,0.0694335581655221,82125240.52373621,0.5276159678317559,0.9300000000000028,1486771200000,38794652.26138939
2017-02-15,S2,0.3675148544391581,0.0800161812563516,115019466.64552316,0.1557382619467213,0.8500000000000001,1487116800000,97106534.82011048
2017-03-06,L8,0.4299926627674006,0.0456723350545634,115642858.09357584,0.0061859260549514,0.48,1488758400000,114927499.92462574
2017-03-07,L7,0.4133117573013387,0.0893847878067873,62663900.76719613,0.4505886316337527,0.9400000000000012,1488844800000,34428259.46767197
2017-03-27,S2,0.4452594442260301,0.0613915726574097,112733127.8508358,0.0744378411144758,0.930000000000002,1490572800000,104341517.19153738
2017-03-31,L8,0.4459650202401864,0.0614140787874845,82349076.25220782,0.5280146941464552,0.9300000000000032,1490918400000,38867553.94165518
2017-04-09,S2,0.4458806315998178,0.0516708475340693,114281181.99764472,0.0536206741820011,0.9199999999999976,1491696000000,108153347.97261503
2017-04-15,L7,0.3666062627006769,0.0539707221320042,115027881.93437314,0.2960407896440002,0.88,1492214400000,80974936.93544447
2017-04-29,S2,0.4301270443677348,0.0515272187373693,115569024.2910558,0.0122505976355153,0.67,1493424000000,114153234.67533696
2017-05-09,L8,0.4476161418934292,0.0557737238638436,115927906.75394176,0.0097422239686686,0.45,1494288000000,114798511.12212592
2017-05-19,S2,0.4607156510509151,0.0572376255413439,115287891.1141448,0.0113106826012186,0.8799999999999998,1495152000000,113983906.36998884
2017-05-25,L8,0.3831301701471811,0.0994435726153747,87452356.07776213,0.1206082358822703,0.9400000000000278,1495670400000,76904881.68747509
2017-06-10,L8,0.2697379602737882,0.1428951101807447,115353274.42749314,0.2402385304803533,0.8,1497052800000,87640973.29293527
2017-06-11,L7,0.3514585955835769,0.1296533793210983,86398172.37453756,0.5404574163537856,0.9399999999999992,1497139200000,39703639.35530598
2017-07-12,L8,0.1642656345832796,0.2098798434837568,60963470.34152304,0.5301389598685481,0.9400000000000084,1499817600000,28644359.584690936
2017-07-13,L7,0.41379059197269,0.089861586689949,87069567.35273242,0.5299830147105782,0.9399999999999994,1499904000000,40924175.55758557
2017-07-21,L8,0.2734227060697654,0.1375463073501913,57698609.55777805,0.5599801189387295,0.9400000000000118,1500595200000,25388535.315014187
2017-07-25,S2,0.3985214147518506,0.111464250050172,83190636.78170472,0.1094539140090474,0.940000000000024,1500940800000,74085095.97704212
2017-08-02,S2,0.3672501635692318,0.1074289724957173,106169331.09231766,0.242711146080954,0.9299999999999838,1501632000000,80400851.06425297
2017-09-03,S2,0.4132395917978421,0.0522399792685876,116089758.35693556,0.0053471680063978,0.4699999999999998,1504396800000,115469006.91517888
2017-09-07,L8,0.3061383150027691,0.0720993611655372,115728957.73623905,0.522032674975879,0.39,1504742400000,55314660.35701973
2017-09-11,S2,0.3664356521399695,0.121989034752093,114588443.0860179,0.5892059480811074,0.8400000000000001,1505088000000,47072250.83838271
2017-09-14,L8,0.3827104843120431,0.0801730202917419,110884743.09919964,0.1437592104220736,0.9399999999999984,1505347200000,94944039.98340422
2017-09-16,S2,0.4612717997097392,0.0497291667076448,111911357.7826737,0.0206017702703778,0.9300000000000036,1505520000000,109605785.698989
2017-09-18,S2,0.4303552691120984,0.0519340787728072,116082790.53251477,0.0041431198059246,0.49,1505692800000,115601845.6239325
2017-09-22,L7,0.384902809423741,0.0561164564512625,114841380.99385434,0.3030825400895344,0.9099999999999996,1506038400000,80034963.53484699
2017-09-23,L8,0.1743924237242718,0.1062227765369655,116029272.32748348,0.4987206521175569,0.21,1506124800000,58163077.96759531
2017-10-06,S2,0.2460375927325019,0.2124509735968487,84084727.52366439,0.5184178097171624,0.930000000000003,1507248000000,40493707.25018188
2017-10-09,L8,0.4140633383186846,0.2084071099758148,67361415.61933209,0.4369861871610436,0.9499999999999984,1507507200000,37925407.44606979
2017-10-21,S2,0.415129413204336,0.0456485714231218,115968078.67751227,0.0160418815411341,0.42,1508544000000,114107732.49681471
2017-10-26,S2,0.4455800319077565,0.1191053115655325,103294358.88676848,0.2663594051704409,0.9300000000000032,1508976000000,75780934.89622678
2017-11-10,L8,0.2151357173933509,0.0905638903245396,115747545.02749112,0.4790916165812237,0.33,1510272000000,60293866.56496242
2017-11-18,L7,0.2716342405556722,0.0902686119079589,114905288.1006826,0.4696841163448139,0.7300000000000001,1510963200000,60936099.39576721
2017-11-20,S2,0.4451276042246061,0.0674264575307025,114945845.91971794,0.4498612374538379,0.8400000000000001,1511136000000,63236165.43409543
2017-11-25,L7,0.3054147449375719,0.0569288834086997,115559967.73649572,0.1702050653934776,0.6699999999999999,1511568000000,95891075.8710373
2017-11-27,S2,0.3827353882184542,0.0481474577622898,115755697.35688,0.0033739472934643,0.45,1511740800000,115365143.73507968
2017-11-30,S2,0.3676646141514013,0.0760793444432955,108565320.15118624,0.2443573686658685,0.9299999999999984,1512000000000,82036584.19067478
2017-12-04,L7,0.3986627407397254,0.0811823124253968,115282430.9129212,0.4271087110026552,0.59,1512345600000,66044300.44445077
2017-12-05,S2,0.4612350665669804,0.0618259720124996,114850507.69860122,0.1261823388377003,0.8400000000000001,1512432000000,100358402.0204944
2017-12-11,L7,0.3514194860580345,0.0549098968189129,115336616.46894342,0.1587971934105153,0.7599999999999999,1512950400000,97021485.47621018
2017-12-17,S2,0.3832389165513305,0.049077777730094,115660182.13257994,0.0032781038057724,0.46,1513468800000,115281036.0493548
2017-12-19,L8,0.1593978103827422,0.0739946254292732,115991198.81414203,0.0018959381636436,0.2999999999999999,1513641600000,115771286.67366353
2017-12-27,L7,0.3188704711411139,0.0520647879745776,115464604.09840211,0.2429439099759534,0.63,1514332800000,87413181.7149108
2018-01-01,S2,0.3047885188936692,0.0810889174323909,115273583.66521622,0.1048784788578854,0.57,1514764800000,103183865.55791116
2018-01-09,S2,0.3369703368784839,0.063675707852666,115753629.4931392,0.024080307755277,0.56,1515456000000,112966246.47115412
2018-01-13,L8,0.4284354003524422,0.0480577414219435,115493486.71891174,0.541606798589463,0.4899999999999999,1515801600000,52941429.119147286
2018-01-14,S2,0.2151587975927836,0.1010386722945402,115408530.69522634,0.2284931661402546,0.57,1515888000000,89038470.11707932
2018-01-16,S2,0.3831363766755537,0.0653025381542783,110190131.83510552,0.0625496394929104,0.9200000000000034,1516060800000,103297778.8131434
2018-01-19,S2,0.1678896545114519,0.0817805608960791,115993322.441077,0.0041121626320559,0.33,1516320000000,115516339.03496678
2018-01-28,L7,0.3665570724280001,0.047110385333942,115633784.52145186,0.2493323720464736,0.4499999999999999,1517097600000,86802538.73800746
2018-02-05,L8,0.3982126802723302,0.047316204583229,115603922.19483384,0.0107844470938124,0.56,1517788800000,114357197.81208643
2018-02-10,S2,0.3826855053825422,0.1423281585199109,96702036.69736712,0.2141021658784687,0.9400000000000176,1518220800000,75997921.19560164
2018-02-13,L7,0.3686626221133877,0.0495911227898055,115539958.90934353,0.1759216132592089,0.5600000000000002,1518480000000,95213982.94210908
2018-02-15,S2,0.382354253053993,0.0529712121933698,115633643.1206553,0.0042401573267924,0.55,1518652800000,115143338.28155357
2018-02-20,S2,0.4132810974412814,0.0601152762180593,114914901.43620944,0.0204069431797237,0.8999999999999998,1519084800000,112569839.57209717
2018-02-21,L8,0.4145396161206693,0.1122428797842064,79818832.8209702,0.1427021058273802,0.9400000000000076,1519171200000,68428517.29273413
2018-02-23,S2,0.4152450614657061,0.0535054543478922,115691512.01464176,0.0044419177600747,0.54,1519344000000,115177619.83273402
2018-02-25,S2,0.4122551563655939,0.0524768112362294,115598664.48467472,0.0046789874674291,0.5700000000000001,1519516800000,115057779.78229938
2018-02-28,S2,0.3972849059348163,0.0490344824462101,115731749.97645244,0.0045892786111127,0.53,1519776000000,115200624.73165888
2018-03-01,L7,0.3807275083862127,0.0476501086475189,115666642.91864184,0.3009349238143452,0.42,1519862400000,80858510.54405928
2018-03-05,S2,0.2263412343458624,0.0574018229051507,115854090.97994892,0.0041429835413677,0.45,1520208000000,115374109.38781886
2018-03-07,S2,0.4294646337787591,0.0674546498599334,110700112.8416906,0.0827332625623047,0.9299999999999912,1520380800000,101541531.34028225
2018-03-10,L7,0.368452030744764,0.0951528772711753,45269331.3658002,0.3729550175400452,0.9500000000000012,1520640000000,28385907.092242077
2018-03-15,S2,0.4146033702422437,0.0446340906518426,115559263.88563496,0.0056912467349189,0.61,1521072000000,114901587.6023562
2018-03-20,S2,0.4439121287408387,0.0476104654804911,115688513.4838475,0.0188438117921783,0.4900000000000001,1521504000000,113508500.909241
2018-03-30,S2,0.4451229688094767,0.1435842274973386,49561041.37046281,0.2463252573997264,0.9500000000000028,1522368000000,37352905.09788507
2018-04-01,S2,0.4144267165132972,0.0694199679165668,110145900.08061624,0.148816167968967,0.929999999999998,1522540800000,93754409.3131262
2018-04-06,S2,0.3824790894294894,0.1123824414148463,81699810.83072722,0.1168466430225347,0.9400000000000264,1522972800000,72153462.19958062
2018-04-14,S2,0.3236893558315428,0.0981304266396266,115437158.73332088,0.1394050171064658,0.6899999999999998,1523664000000,99344639.64538048
2018-04-18,L7,0.3666259031141957,0.0515159092692583,115265818.21005276,0.4717144055564122,0.82,1524009600000,60893271.29212426
2018-04-27,L7,0.3994254314784705,0.1219861879944801,62445021.97208084,0.5364519585404114,0.94,1524787200000,28946267.63405905
2018-05-04,L7,0.3362362900010865,0.069503721423332,102139310.61141714,0.2844002282425444,0.9300000000000028,1525392000000,73090867.36099397
2018-05-06,S2,0.3516084869257658,0.1689909086986021,72542343.75194548,0.37880524611615,0.9400000000000178,1525564800000,45062923.37314741
2018-05-14,S2,0.4294964726872502,0.097525383087194,101586726.9968942,0.1736780623729515,0.9400000000000102,1526256000000,83943341.08926362
2018-05-19,S2,0.2226795828094981,0.1361723856720792,115833373.53759952,0.1207494336412939,0.44,1526688000000,101846559.28617394
2018-05-20,L7,0.3673307257504328,0.1895705860003867,70352755.72604737,0.4466328803134272,0.940000000000009,1526774400000,38930901.79813587
2018-05-24,S2,0.1599279016560827,0.2137219697098816,116147332.14005536,0.1593014676007556,0.3099999999999999,1527120000000,97644891.67223214
2018-05-31,S2,0.4297877056285889,0.0877724824764608,93306064.1062118,0.0733793104270539,0.9400000000000294,1527724800000,86459329.46343549
2018-06-03,S2,0.4294008640121443,0.0568730048013057,115974118.70243087,0.0044289054238721,0.4899999999999999,1527984000000,115460480.2990809
2018-06-18,S2,0.1699368235019765,0.170651742405769,116343850.09056865,0.0025669909210128,0.43,1529280000000,116045196.48367046
2018-06-23,S2,0.4605864153298102,0.092106027648778,99018998.38532196,0.1321106925941663,0.9400000000000028,1529712000000,85937529.92865644
2018-07-08,L8,0.4450654366681742,0.059690131483503,115251516.99115536,0.4658108729745923,0.7400000000000001,1531008000000,61566107.249859214
2018-07-10,S2,0.1733624879571218,0.1902121500000446,116542061.12783214,0.003843870750462,0.15,1531180800000,116094088.50786433
2018-07-20,S2,0.2307798231412003,0.0934822740045681,116220105.9534564,0.0033724372359537,0.41,1532044800000,115828160.94057249
2018-07-23,L7,0.271911396485426,0.063472049676701,94919385.22765487,0.4153656857086557,0.9399999999999994,1532304000000,55493129.69552597
2018-07-24,L8,0.475829997453816,0.0562528034103282,115818294.75548404,0.5136137061859051,0.3699999999999999,1532390400000,56332431.14198831
2018-07-25,S2,0.230501265977466,0.1085613364591886,116278643.2572238,0.0108891759887668,0.4,1532476800000,115012464.64706086
2018-07-30,S2,0.3673359015295581,0.1384674596878149,84620049.6241163,0.293829246954172,0.9400000000000264,1532908800000,59756204.16583755
2018-08-02,S2,0.4771401302523214,0.0563532971274565,115505290.60924578,0.0097036171271721,0.8500000000000001,1533168000000,114384471.49301092
2018-08-07,S2,0.4459606740532573,0.0876329036985876,109544235.3637772,0.1931878064609691,0.929999999999988,1533600000000,88381624.82340497
2018-08-08,L7,0.22709555887308,0.092584763243705,115769944.94755296,0.1766390372697169,0.47,1533686400000,95320453.32724908
2018-08-12,S2,0.4298788303425036,0.051449583489605,115978810.2477817,0.0053256911763782,0.46,1534032000000,115361142.92139824
2018-08-14,S2,0.4139081333761726,0.0574611058814732,116055581.33181489,0.0029723765176908,0.4099999999999999,1534204800000,115710620.44711722
2018-08-19,S2,0.4277604748653544,0.0519808621987817,115925524.6496218,0.0134405883375746,0.49,1534636800000,114367417.3949889
2018-08-24,L7,0.3833851396509161,0.0604756181717167,114740549.63831188,0.2697077319444377,0.91,1535068800000,83794136.2333046
2018-09-01,L8,0.3985790212932673,0.0817427378793002,110916373.94626996,0.2073061294426959,0.9200000000000012,1535760000000,87922729.77165006
2018-09-03,S2,0.3963110565852659,0.0539250005967915,115906822.30676416,0.00348178410562,0.44,1535932800000,115503259.77512357
2018-09-08,S2,0.4115178950347565,0.0500020266485375,115842332.75975798,0.0059894704675448,0.53,1536364800000,115148498.5288019
2018-09-09,L7,0.3522902793203504,0.0535059558664268,115910669.68347695,0.3001928819833204,0.37,1536451200000,81115111.69857731
2018-09-11,S2,0.4144132353621343,0.082826929520612,96930894.0374416,0.2224275623154185,0.9400000000000042,1536624000000,75370791.56363934
2018-09-13,S2,0.4310309773175593,0.0509610167878159,115884994.27879044,0.0047476428364887,0.4800000000000001,1536796800000,115334813.7158462
2018-10-03,L8,0.4433683315110504,0.0474087593588724,115836293.93299352,0.0064891795863016,0.43,1538524800000,115084611.4190507
2018-10-11,L7,0.4130258454710862,0.0501216224300568,115805530.50372632,0.1897912710992226,0.3899999999999999,1539216000000,93826651.66910432
2018-10-13,S2,0.3352919153527025,0.085188167672055,115828445.0488052,0.1245247012017098,0.3300000000000001,1539388800000,101404942.53844406
2018-10-19,L8,0.3977586299998186,0.0524466452002525,115956783.3702494,0.0027718773533468,0.34,1539907200000,115635365.38845846
2018-10-31,S2,0.3211417205142247,0.0610876438504236,115937296.00259271,0.0062402050052359,0.5,1540944000000,115213823.50778382
2018-11-07,S2,0.3513210247028118,0.0490999997503334,115877574.18312182,0.0032352432630273,0.4599999999999999,1541548800000,115502682.04190992
2018-11-15,S2,0.3982160586912949,0.0551294990670818,115859294.02888905,0.0089345161996269,0.45,1542240000000,114824147.2895106
2018-11-22,S2,0.4123379378444788,0.0494103447402117,115841285.43886147,0.0033238872061731,0.42,1542844800000,115456242.0722446
2018-11-25,S2,0.4291382647510471,0.0711217484921168,104024904.70390338,0.3946044697324612,0.9200000000000008,1543104000000,62976212.34424978
2018-11-27,S2,0.383116271083453,0.0520909089933742,115507827.94271316,0.0090711416741685,0.6799999999999999,1543276800000,114460040.07096931
2018-11-29,L8,0.4273718488339429,0.0490642159047194,115535497.4711052,0.5037561948080217,0.45,1543449600000,57333774.89980942
2018-12-02,S2,0.4272018592667108,0.0481055554830365,115701670.5354359,0.0037044957711787,0.45,1543708800000,115273054.18621908
2018-12-05,S2,0.1211321015032734,0.1121038102365306,116266641.17250596,0.0072155677058916,0.17,1543968000000,115427711.35118914
2018-12-06,L8,0.3200624721306496,0.0632153332672539,115736134.84374434,0.0015993395234857,0.5200000000000001,1544054400000,115551033.46899326
2018-12-12,S2,0.4141725048521877,0.0481971425137349,115643892.37802836,0.0035664318805593,0.4599999999999999,1544572800000,115231456.3134594
2018-12-15,L8,0.4166330070172997,0.0495517046537739,115539639.9404143,0.5814002441057948,0.4499999999999999,1544832000000,48364865.075161785
2018-12-17,S2,0.3656942622631585,0.0490911765133633,115686972.11030953,0.0035950901243982,0.4800000000000001,1545004800000,115271067.0193542
2018-12-22,L8,0.3980822879273044,0.053719080288659,115705927.61955523,0.0058941322474226,0.48,1545436800000,115023941.58035488
2018-12-27,S2,0.3673026313322585,0.0685501523738308,113340162.65184116,0.087239942836147,0.9200000000000006,1545868800000,103452373.34105492
2018-12-30,L7,0.3667946733102836,0.0573211079854591,115051017.22167207,0.1714747502363108,0.83,1546128000000,95322672.77915236
2018-12-31,L8,0.412673107366119,0.0531330089882265,115510259.90302442,0.5763277016848836,0.46,1546214400000,48938497.29209079
2019-01-04,S2,0.3832676813090495,0.0666456856607934,115411041.63402462,0.132122889554189,0.5800000000000002,1546560000000,100162601.32687847
2019-01-06,S2,0.3987604012932187,0.0556705881129292,115074151.0515903,0.0174318469727162,0.7899999999999999,1546732800000,113068196.05994374
2019-01-11,S2,0.2224236055040776,0.1147417683363144,116033836.88181208,0.0071252440313226,0.25,1547164800000,115207067.47813848
2019-01-14,S2,0.3678517002167216,0.057892369362233,115354787.85894132,0.0008463579542151,0.8300000000000001,1547424000000,115257156.41668013
2019-01-15,L7,0.3834131378270872,0.0731545876748105,104620703.4955337,0.1539063547561051,0.9300000000000024,1547510400000,88518912.38851681
2019-01-19,S2,0.3523349384769129,0.0569107141345739,115502612.75303029,0.0020455806947425,0.6899999999999998,1547856000000,115266342.83819036
2019-01-21,S2,0.430003257290141,0.0522786146045174,115263229.03478578,0.0167249924164952,0.66,1548028800000,113335452.40327825
2019-01-23,L8,0.3979996635944185,0.0480201246611999,115670562.09808336,0.0032146793269098,0.44,1548201600000,115298718.3333746
2019-01-26,S2,0.4002427080265474,0.0490480766703303,115548409.295775,0.0037719854650208,0.5400000000000001,1548460800000,115112562.37540507
2019-01-29,S2,0.3975581226017731,0.0534496754176042,115159042.22037666,0.0183658810560389,0.83,1548720000000,113044044.94842984
2019-01-31,L7,0.3366038809405333,0.0481247567375329,115510970.75249691,0.2026046771499471,0.5799999999999998,1548892800000,92107907.8159103
2019-02-03,S2,0.2418322732763727,0.0651912301989406,115928141.50083302,0.0037957192849282,0.42,1549152000000,115488110.81847242
2019-02-05,S2,0.3519782394411059,0.1537782252413555,115531822.48466893,0.4479552636074619,0.4299999999999999,1549324800000,63778734.48849856
2019-02-08,L8,0.382113064167249,0.0495467146904003,115656607.19886938,0.0027639114646607,0.46,1549584000000,115336942.57626866
2019-02-13,S2,0.3679735695501163,0.0592997076731669,115735750.52175535,0.0045773017691997,0.51,1550016000000,115205993.06613249
2019-02-15,S2,0.3835181525046813,0.0519716422170845,115517165.89731932,0.0042545245624684,0.59,1550188800000,115025695.27762245
2019-02-16,L7,0.3674233450815561,0.0616731755408425,115311597.58828792,0.1185015929674396,0.67,1550275200000,101646989.58645542
2019-02-23,S2,0.4139730279201504,0.0917437151864066,96583502.8309484,0.1818447309728589,0.9400000000000114,1550880000000,79020301.74223824
2019-02-24,L8,0.39945568034749,0.0602869667590569,113667207.38152008,0.0555422130722822,0.919999999999998,1550966400000,107353879.1298044
2019-03-10,S2,0.3976940306466677,0.0583577279865317,115720693.29040764,0.0045685099937063,0.51,1552176000000,115192022.1466318
2019-03-12,L8,0.4149853943278954,0.0553835960330099,115691613.43589164,0.0028579044956222,0.46,1552348800000,115360977.8537474
2019-03-15,S2,0.444221290516704,0.0519491542195733,115680335.36200698,0.0086132831148852,0.53,1552608000000,114683947.88270916
2019-03-20,L7,0.3834454436331249,0.0536357959116014,115257599.02307564,0.2900708408193411,0.66,1553040000000,81824730.3636336
2019-03-25,S2,0.4276780686545244,0.0500439994782209,115634233.9455222,0.004446720991282,0.55,1553472000000,115120040.77012584
2019-03-27,S2,0.3815344039264719,0.0534898758522401,115608676.49633984,0.0042664908585286,0.5800000000000001,1553644800000,115115433.1349016
2019-03-30,S2,0.414346693218107,0.0480587497819215,115640790.18327014,0.0047479808913682,0.59,1553904000000,115091729.92121723
2019-04-01,S2,0.3359420302793501,0.1187290615219314,102408570.89150192,0.1135535291851759,0.9300000000000032,1554076800000,90779716.2479616
2019-04-04,S2,0.3669295915613968,0.2132649370815963,70359866.08036153,0.4489256045485689,0.9400000000000222,1554336000000,38773520.66427889
2019-04-05,L7,0.3357310926364862,0.0816680429414177,86813173.38516001,0.1735299482346324,0.9400000000000084,1554422400000,71748487.90154903
2019-04-09,S2,0.4285340063961633,0.0602821430088394,115697051.85788812,0.0057245942776349,0.6599999999999998,1554768000000,115034733.17688324
2019-04-16,S2,0.1841651336738966,0.2099457135375707,115642304.10434186,0.269092273442064,0.5099999999999999,1555372800000,84523853.58682598
2019-04-26,S2,0.3360585515050539,0.1972165683632662,85176562.23672256,0.1218253183868682,0.9400000000000128,1556236800000,74799900.42313494
2019-04-29,L8,0.3996661571824026,0.0760183881870806,110639597.63121936,0.1455874670259446,0.9300000000000038,1556496000000,94531858.85932045
2019-05-14,S2,0.3202817211680155,0.0822844919806893,115957826.06639002,0.0089328440290406,0.4399999999999999,1557792000000,114921992.89219232
2019-05-15,L8,0.1837048621793442,0.127725910692931,116213222.45761731,0.0020109808731592,0.3699999999999999,1557878400000,115979519.89004683
2019-05-21,S2,0.4764671494101113,0.0611127269670387,113285580.97725378,0.0160055680982512,0.9300000000000044,1558396800000,111472380.89637238
2019-05-23,L7,0.3043538774210578,0.1922183822338805,72648751.91605097,0.2994264736209871,0.94,1558569600000,50895792.3168619
2019-05-24,L8,0.3356418083626691,0.0870399596382801,115783449.63260084,0.3819971069235304,0.4600000000000001,1558656000000,71554506.84332101
2019-06-10,S2,0.4153008766779554,0.0761883590482613,111974014.45365351,0.0997282213401643,0.9299999999999996,1560124800000,100807045.1558728
2019-06-15,S2,0.4307923879135739,0.0626106079329143,115930786.3633292,0.0047635282078662,0.59,1560556800000,115378546.79232734
2019-07-05,S2,0.3200846972180187,0.2359761771970277,56948886.341965385,0.4160084619878352,0.940000000000003,1562284800000,33257667.72292433
2019-07-15,S2,0.2378920733716632,0.1383541174531329,116309406.1735506,0.0032867383096166,0.3299999999999999,1563148800000,115927127.59251122
2019-07-27,L8,0.3005775978461884,0.1379938045754277,115966823.7239506,0.5189155577758792,0.27,1564185600000,55789834.70773972
2019-08-02,S2,0.4306135429383116,0.0612612425326868,115391954.03168948,0.0186418005011666,0.9099999999999988,1564704000000,113240840.24519092
2019-08-03,L8,0.2889983432564762,0.0850963565131363,108477073.22819114,0.0511445698086299,0.9300000000000044,1564790400000,102929059.98383604
2019-08-07,S2,0.4608556894373707,0.0681604990211206,109093447.33999702,0.0678859634489058,0.9400000000000028,1565136000000,101687533.56135884
2019-08-14,S2,0.1666197297838118,0.1916499957442283,116725661.9574919,0.0012402828794351,0.08,1565740800000,116580889.11737528
2019-08-22,S2,0.1063780849726181,0.1522021037967581,116547677.37820172,0.0030466734197891,0.18,1566432000000,116192594.66739538
2019-09-03,S2,0.4281149681320632,0.0504472222938029,115976149.29526176,0.0043196603641027,0.4299999999999999,1567468800000,115475171.71996976
2019-09-04,L8,0.1990168203504358,0.0871922065239911,116278284.63334008,0.0010964401595954,0.23,1567555200000,116150792.45237924
2019-09-11,S2,0.4449561704441405,0.0465644859125681,115972437.9502719,0.0076728317875296,0.4299999999999999,1568160000000,115082600.94188976
2019-09-13,L8,0.4770381539777605,0.0592577806834516,115695663.9697141,0.5402282197003515,0.36,1568332800000,53193601.39630534
2019-09-16,S2,0.3987547559446583,0.07246459146581,111284962.99172597,0.1254419380439526,0.9399999999999986,1568592000000,97325161.5588943
2019-09-26,S2,0.2734856222782399,0.0632222218232022,116026645.54425456,0.0072633199486499,0.4599999999999999,1569456000000,115183906.89509806
2019-10-08,S2,0.4140191708421845,0.050996296107769,115853111.26477964,0.00386736501507,0.44,1570492800000,115405064.9953872
2019-10-11,S2,0.3828579084836807,0.0881248702064061,105108958.76062348,0.2488197397692837,0.9300000000000018,1570752000000,78955774.99438477
2019-10-13,S2,0.4138202463790355,0.0465394735924507,115808850.38326824,0.0039621518065336,0.45,1570924800000,115349998.13750958
2019-10-16,S2,0.3838822092249666,0.05200555599812,115916632.73048884,0.0039363325027925,0.46,1571184000000,115460346.32145756
2019-10-18,S2,0.4137670798513911,0.0500076919650802,115784030.70278709,0.0035546801254772,0.4299999999999999,1571356800000,115372455.51000024
2019-10-21,S2,0.3674634482879171,0.0917938894337287,99233964.37434988,0.0920054272032807,0.9400000000000124,1571616000000,90103901.0890127
2019-10-22,L8,0.4132041341085152,0.0456858734073846,115794719.95459564,0.0029390819612005,0.38,1571702400000,115454389.7819748
2019-10-30,L7,0.39843445325381,0.0485853232852937,114750599.53173064,0.2789754835529713,0.91,1572393600000,82737995.53937273
2019-11-02,S2,0.3972202478004301,0.0485413046148808,115740662.04940166,0.0040303545807905,0.4800000000000001,1572652800000,115274186.14192712
2019-11-05,S2,0.368504412238043,0.0519869568069343,115591807.06410368,0.0026214210050217,0.6899999999999998,1572912000000,115288792.27305742
2019-11-07,L8,0.2295782983982019,0.0715508662600288,115997358.66907656,0.0016129453220617,0.28,1573084800000,115810261.27203976
2019-11-10,S2,0.3670898798407999,0.054938462204658,115695971.55574164,0.0041402724662615,0.51,1573344000000,115216958.71025205
2019-11-12,S2,0.3813809721311824,0.0491124996915459,115740253.6657323,0.0038204958564964,0.4800000000000001,1573516800000,115298068.50617252
2019-11-20,S2,0.3986489816075676,0.065628711357264,114362813.74584869,0.0932895311287329,0.9199999999999978,1574208000000,103693960.47293584
2019-11-22,S2,0.3827663380151155,0.0617230769533377,115574335.1624091,0.0360280704253169,0.55,1574380800000,111410414.87581864
2019-11-30,S2,0.3515167813020915,0.2168263800451098,59533668.15721029,0.5520390713831862,0.9400000000000068,1575072000000,26668757.271669157
2019-12-01,L7,0.3366761342205574,0.0500538607978785,115366117.73953454,0.1697020053409156,0.75,1575158400000,95788256.21073934
2019-12-02,L8,0.3356547383116741,0.0607478864490985,115599778.6746112,0.5852229384443427,0.3999999999999999,1575244800000,47948136.51513957
2019-12-09,L8,0.2891912271165016,0.0637083707779853,115590362.3080098,0.0438963679161596,0.59,1575849600000,110516365.23657522
2019-12-15,S2,0.3199060802238512,0.0799678375735988,106454663.70127907,0.0939867047469572,0.9300000000000032,1576368000000,96449340.65505034
2019-12-17,S2,0.2891451366729445,0.0602762711123894,115741651.98170288,0.0046518244431309,0.46,1576540800000,115203242.13592604
2019-12-20,S2,0.4924424001360082,0.0648605828137275,112726725.03578047,0.3389397889860088,0.9199999999999994,1576800000000,74519152.6390692
2019-12-22,S2,0.3508790739740159,0.0500322576732404,115567099.62368365,0.0033011770750133,0.51,1576972800000,115185592.16378014
2019-12-25,L8,0.3364857627363597,0.0558894662452595,115653210.43139464,0.0018852025778586,0.5400000000000001,1577232000000,115435180.70095174
2020-01-01,S2,0.3979508735723114,0.0563933335244655,115170759.22021104,0.0190482812826471,0.7800000000000001,1577836800000,112976954.20304842
2020-01-02,L7,0.3347811711587242,0.0534345301183905,115453075.20307615,0.1292002549217104,0.6600000000000003,1577923200000,100536508.4553433
2020-01-10,L8,0.4446198555717386,0.0642952589665627,115254641.69138236,0.0427129558712796,0.8899999999999998,1578614400000,110331775.2668582
2020-01-16,S2,0.3511436447828245,0.0780032274703825,115827331.94828343,0.0033910593621455,0.4299999999999999,1579132800000,115434554.58988789
2020-01-21,S2,0.3359707617278998,0.2079440125627019,91473204.45205273,0.3826395928479192,0.9300000000000016,1579564800000,56471934.74402479
2020-01-24,S2,0.3677259278536466,0.0512459014282851,115650718.21474329,0.0050641194137131,0.55,1579824000000,115065049.16742212
2020-01-26,L8,0.3200706336559535,0.08782199299502,105787237.29591088,0.0942993985104314,0.9300000000000024,1579996800000,95811564.4488262
2020-01-29,S2,0.3356042671285826,0.0597658532603484,115682717.15810168,0.0042296595122296,0.47,1580256000000,115193418.65307334
2020-01-31,S2,0.4137540639658351,0.0927747344654618,98550881.1690037,0.1809533205194152,0.9400000000000132,1580428800000,80717771.98135817
2020-02-05,S2,0.3966675930048037,0.0521178339052306,115417809.28689596,0.0090791947233583,0.6500000000000001,1580860800000,114369908.52183676
2020-02-08,S2,0.3993043166758038,0.0535296292768584,115678565.87815472,0.0040480131724125,0.4800000000000001,1581120000000,115210297.51971416
2020-02-10,S2,0.38242044601218,0.0535148143492363,115568409.85519405,0.0041729971586539,0.54,1581292800000,115086143.20923816
2020-02-11,L8,0.3965302658776967,0.0530117948196436,115673850.75220886,0.0025493862428149,0.44,1581379200000,115378953.42844775
2020-02-13,S2,0.3357735150348738,0.0602923961542215,112363921.5453087,0.038687651553741,0.9300000000000044,1581552000000,108016825.30135188
2020-02-18,S2,0.4138042774223182,0.0534387093878561,115718183.27542035,0.004612413309271,0.51,1581984000000,115184443.18675612
2020-02-19,L7,0.3815425902351574,0.0609929155888436,105315393.07205787,0.1720300022588946,0.930000000000002,1582070400000,87197985.76397538
2020-02-23,S2,0.3514027636688884,0.0692736470859675,115621004.2904326,0.0405731058869026,0.6699999999999998,1582416000000,110929901.04060686
2020-02-25,S2,0.413794841050821,0.0722243925041775,108180464.73335244,0.0768629732122438,0.9300000000000048,1582588800000,99865392.57046469
2020-03-01,S2,0.3825966515476361,0.065896667043368,115159135.9151147,0.0194822478391209,0.8699999999999998,1583020800000,112915577.08827744
2020-03-04,S2,0.2573827083081845,0.0685656848803098,115408140.70337293,0.4254778455908946,0.5499999999999999,1583280000000,66304533.63325098
2020-03-06,L7,0.132201202539401,0.126267657509717,115851154.63131224,0.0984759282413536,0.31,1583452800000,104442604.64116116
2020-03-11,S2,0.3827953257082007,0.2283087685293551,63880035.946858734,0.4072239245382925,0.9400000000000112,1583884800000,37866557.008931726
2020-03-14,L8,0.4149954280025857,0.047645774270807,115634901.2094057,0.0035504995542845,0.47,1584144000000,115224339.54420196
2020-03-19,S2,0.3670389553364961,0.0888520338256166,104726273.92093,0.2570088590604497,0.9299999999999988,1584576000000,77810693.74685965
2020-03-21,S2,0.1521483557318093,0.286908674222684,94970467.81804532,0.5414113354573118,0.9300000000000008,1584748800000,43552380.00767176
2020-03-26,S2,0.4122506001339051,0.0500388886365625,115585657.27271564,0.0048414332790936,0.56,1585180800000,115026057.0250096
2020-03-29,S2,0.3678087244705757,0.1462809652566302,81413941.52410294,0.1259594929083698,0.940000000000024,1585440000000,71159082.73405527
2020-03-30,L8,0.4280646270545282,0.0490900631994009,115678885.63045828,0.0042681142878844,0.51,1585526400000,115185154.92589235
2020-04-07,L7,0.3829904517223095,0.0560447401900411,115436455.7184044,0.275914867725104,0.7,1586217600000,83585821.30820602
2020-04-10,S2,0.2579755541145959,0.1976596006244139,96693382.39471316,0.4217458491609213,0.9399999999999992,1586476800000,55913349.72841317
2020-04-13,S2,0.382805740365989,0.068276241250739,104660658.54091704,0.0452134452342126,0.930000000000004,1586736000000,99928589.58780064
2020-04-20,S2,0.3824713984891041,0.08383268238619,108378112.09951362,0.1578060608574577,0.9299999999999836,1587340800000,91275389.1459214
2020-04-30,S2,0.4451319326927332,0.0573408593982978,115466029.4850184,0.0059596067032524,0.7100000000000001,1588204800000,114777897.36170152
2020-05-05,S2,0.4604072458259359,0.0550117646070087,115628179.71186334,0.006398100104539,0.6699999999999998,1588636800000,114888379.0431612
2020-05-13,S2,0.3978178036662031,0.1074035058858962,105517478.64156902,0.2397976756505771,0.9299999999999858,1589328000000,80214632.52281135
2020-05-20,S2,0.4457985732505101,0.2400136160735444,75651897.61726117,0.5379864228358724,0.9400000000000076,1589932800000,34952203.83740517
2020-05-25,L7,0.2565561854422873,0.061610763550696,116036087.17722398,0.5064018182313869,0.35,1590364800000,57275201.65022204
2020-05-26,L8,0.4605268306504768,0.0589537950942883,115659725.43874362,0.4790805951769492,0.51,1590451200000,60249395.337547794
2020-06-04,S2,0.4292336383178374,0.0692992845949233,114487962.62324606,0.0507958753119175,0.9199999999999968,1591228800000,108672446.34912018
2020-06-07,S2,0.398446238686105,0.1857734971874149,75588023.710183,0.4030620325346886,0.9400000000000184,1591488000000,45121361.23827641
2020-06-12,S2,0.4448869337468855,0.1739541152392582,78772882.98568374,0.3783937872773151,0.9400000000000004,1591920000000,48965713.45797809
2020-06-14,S2,0.4606615045027729,0.0618964668929803,115882673.35938944,0.008113298513667,0.58,1592092800000,114942482.63786294
2020-07-13,L8,0.4892781639861505,0.06042176250771,115720687.9327282,0.4487219822568297,0.51,1594598400000,63794271.4554304
2020-07-27,S2,0.4610602300968658,0.1269186151221515,87213635.39284045,0.3187820564871564,0.9400000000000068,1595808000000,59411493.34858972
2020-07-29,L8,0.4297482696074902,0.0748238714454346,86617626.56652492,0.4341238822847034,0.9300000000000048,1595980800000,49014846.24717846
2020-08-18,S2,0.398376199046527,0.2482153056692393,65384542.95133272,0.5477976909987301,0.940000000000006,1597708800000,29567041.295585364
2020-08-29,L7,0.3197031099625561,0.2053607215961418,74204698.17684776,0.3519464951526198,0.9400000000000044,1598659200000,48088614.72964818
2020-08-30,L8,0.4763987547047419,0.0610480238460791,89777426.98060754,0.3891213774990988,0.9300000000000046,1598745600000,54843110.92558878
2020-08-31,S2,0.4297311923314527,0.0490010308927481,115985592.07556202,0.004027956266603,0.45,1598832000000,115518407.1831256
2020-09-05,S2,0.3356828100927949,0.1659171223361632,79962223.1721641,0.2304596953542219,0.9400000000000128,1599264000000,61534153.580060855
2020-09-06,L8,0.4613001080295838,0.0747287052781603,93346253.10812466,0.0734061954476903,0.9400000000000038,1599350400000,86494059.80816008
2020-09-14,L7,0.3422141125269025,0.0500665776723025,116099305.75436091,0.4057855610787219,0.2099999999999999,1600041600000,68987883.8279775
2020-09-20,S2,0.4300806006353092,0.0460437501315027,115940573.9494361,0.0055341242697271,0.4699999999999998,1600560000000,115298944.40529644
2020-09-27,S2,0.3667377123845862,0.2676042744550523,84746393.58378421,0.3616117933577507,0.9400000000000208,1601164800000,54101098.21935023
2020-09-30,L7,0.3828378643081117,0.09651915873822,98824091.12087835,0.2289777361858154,0.9499999999999966,1601424000000,76195574.4553989
2020-10-02,S2,0.3672613486666112,0.1476977275480787,77694814.1889045,0.4109060969237131,0.9400000000000064,1601596800000,45769541.33932862
2020-10-12,S2,0.4129690687364518,0.0485565792769193,115748246.43022949,0.0035111941992599,0.45,1602460800000,115341831.85878912
2020-10-15,S2,0.3826478222892766,0.0485947373274125,115764959.47021972,0.0030491385432333,0.44,1602720000000,115411976.07034324
2020-10-16,L7,0.3501173812802098,0.0490624466065717,115795529.5260436,0.2174427140781528,0.36,1602806400000,90616635.3077838
2020-10-20,S2,0.3831624135599086,0.0504888893553504,115813140.46108209,0.0041534114530956,0.49,1603152000000,115332120.83707204
2020-10-22,S2,0.3974622469323615,0.0485346156817216,115702890.85235336,0.003641413551268,0.46,1603324800000,115281568.77768272
2020-10-25,L7,0.4309631024564106,0.2548544066946835,12445561.048165591,0.4364335760696098,0.9600000000000004,1603584000000,7013900.333722041
2020-10-30,S2,0.3670595323220043,0.0495500007851256,115797159.9592362,0.0042478335069571,0.4800000000000001,1604016000000,115305272.90315089
2020-11-01,L7,0.3537035592889141,0.0505358439433836,115693368.29636188,0.1524593376142536,0.44,1604188800000,98054833.99953666
2020-11-06,S2,0.3829095234035461,0.0485714285501411,115659232.36406831,0.0040145308476067,0.49,1604620800000,115194914.80793224
2020-11-17,L7,0.367079074161504,0.1336354323241358,75283396.86756946,0.2659281098963159,0.9400000000000064,1605571200000,55263425.432002485
2020-11-18,L8,0.4125333134416734,0.1083690651236164,68980288.59501378,0.5238648500412747,0.9499999999999992,1605657600000,32843940.054383043
2020-11-29,S2,0.3366014639805707,0.0661614928112277,115316749.83665656,0.0852660739254075,0.72,1606608000000,105484143.32024647
2020-12-03,L7,0.3671194411157823,0.0566345341866899,111741552.57320492,0.1388216462749362,0.9200000000000012,1606953600000,96229406.28767528
2020-12-04,L8,0.3975921530552485,0.0471298072893077,115433352.53326434,0.5103988889290023,0.51,1607040000000,56516297.65493639
2020-12-06,S2,0.3670467811337757,0.0579099990427494,115059013.69577116,0.0395214444743979,0.83,1607212800000,110511715.27471475
2020-12-09,S2,0.4612026045590997,0.0592608762625905,114618618.73239608,0.1205756775896399,0.89,1607472000000,100798401.1143488
2020-12-16,S2,0.3992136173284386,0.053608571418694,114155546.01666768,0.0289128370688074,0.9199999999999988,1608076800000,110854985.31418702
2020-12-20,L8,0.4133455839368972,0.0831821545732743,60005840.29837142,0.2298558019179433,0.9500000000000012,1608422400000,46213149.75682922
2020-12-31,S2,0.4138809438386671,0.0465268289170614,115477102.7424298,0.0044864570531147,0.53,1609372800000,114959019.68035775
2021-01-03,S2,0.3206712602284093,0.2048289505840972,84806982.23163007,0.3668139319949525,0.9400000000000096,1609632000000,53698599.61861977
2021-01-04,L7,0.367900484397836,0.0541214155382905,112253459.4702771,0.1258075810491063,0.920000000000001,1609718400000,98131123.26992764
2021-01-05,L8,0.3980892470207527,0.0506274528801441,115488549.62093574,0.5788015059998329,0.4699999999999998,1609804800000,48643603.1746017
2021-01-08,S2,0.3363718030324982,0.0558873232019713,115341562.21196195,0.0027247558577163,0.7299999999999999,1610064000000,115027284.61468676
2021-01-12,L8,0.3813037738571365,0.0466603706864749,115611129.422394,0.0034424997011891,0.52,1610409600000,115213138.14390326
2021-01-18,S2,0.3516776915950029,0.0569092463136721,115577081.88519174,0.0047020853178586,0.56,1610928000000,115033628.58537844
2021-01-20,L7,0.3977693186603272,0.0556834683549361,109802640.80703796,0.2229826553227835,0.9200000000000008,1611100800000,85318556.39843081
2021-01-23,S2,0.3363477893885304,0.1200958894679853,91969658.0671415,0.2182197996298261,0.9400000000000036,1611360000000,71900057.71170627
2021-01-25,S2,0.382151107668825,0.0493357146070117,115448457.0555569,0.0043493303842274,0.5800000000000002,1611532800000,114946333.573473
2021-01-30,S2,0.4282723011824128,0.0514733335624138,115529554.37334947,0.0044035737163261,0.55,1611964800000,115020811.46425214
2021-02-02,S2,0.4143542212491969,0.0465192309079261,115593079.63443252,0.0043129566333736,0.53,1612224000000,115094531.6948511
2021-02-04,S2,0.3679501392504584,0.0485541668410102,115489916.9424384,0.0041239088736348,0.5800000000000002,1612396800000,115013647.04914412
2021-02-05,L7,0.381393827217979,0.0485326778983007,115496097.88080192,0.2579671363206535,0.54,1612483200000,85701900.25428154
2021-02-07,S2,0.3352764189624043,0.054385416675359,115731341.40123606,0.0046486381371609,0.52,1612656000000,115193348.27393349
2021-02-09,S2,0.3992395623026857,0.0496000007472255,115492130.5802323,0.0041059700109319,0.56,1612828800000,115017923.35557124
2021-02-13,L8,0.4143269025668547,0.2196595767190817,32330622.45708392,0.5324800013147739,0.950000000000001,1613174400000,15115212.568628415
2021-02-14,L7,0.1990046130654829,0.0949296612665819,10303519.407407513,0.5978404657861798,0.9600000000000004,1613260800000,4143658.565646063
2021-02-19,S2,0.4144464542020715,0.0480743843346393,115459337.76361068,0.0047663680268485,0.5999999999999999,1613692800000,114909016.06769308
2021-02-21,L7,0.3979255309713032,0.0540832823753975,114894332.04776442,0.1932429162009342,0.81,1613865600000,92691816.26789597
2021-02-22,L8,0.4452485519711689,0.0800264737154986,48763638.66785482,0.3086383469265282,0.9500000000000004,1613952000000,33713309.83928558
2021-02-24,S2,0.4298074607530751,0.0550888890607489,114352249.40201826,0.0438897063225759,0.9199999999999992,1614124800000,109333362.75843772
2021-03-01,L8,0.3987727700492836,0.0491080094749728,115588664.45018104,0.0045955381228659,0.5299999999999999,1614556800000,115057472.33612908
2021-03-02,L7,0.367598721906581,0.0829671011854628,28628333.11956859,0.5562223007162043,0.9500000000000008,1614643200000,12704615.806132238
2021-03-04,S2,0.4297084504887399,0.044146875385195,115558579.62497418,0.0051371008554299,0.5899999999999999,1614816000000,114964943.54673046
2021-03-06,S2,0.3969893005677467,0.0500199997425079,115474992.12789622,0.00426094370283,0.56,1614988800000,114982959.68735452
2021-03-09,L7,0.3687847702569264,0.0485793399963893,115670430.23756312,0.3982226723193108,0.46,1615248000000,69607842.40003633
2021-03-11,S2,0.3822875833833095,0.1308925171641358,107465483.84474382,0.2166007557322696,0.930000000000005,1615420800000,84188378.82883829
2021-03-14,S2,0.4137907860355862,0.0500127099512234,115610656.14433116,0.0041493664776818,0.5499999999999999,1615680000000,115130945.16326308
2021-03-16,S2,0.3360328663202375,0.2163504734588167,76965449.03229259,0.1730117773245221,0.940000000000021,1615852800000,63649519.90263572
2021-03-19,S2,0.3201171916157823,0.1384945909065208,88032742.10536532,0.2597868769544944,0.9400000000000096,1616112000000,65162990.96407204
2021-03-21,S2,0.3998926200473739,0.0490583330392837,115553600.90384407,0.0043811595416929,0.56,1616284800000,115047342.14266722
2021-03-29,S2,0.397341698060492,0.0451851070244261,115571243.59408608,0.0047708351504036,0.6399999999999999,1616976000000,115019872.24277157
2021-04-13,S2,0.4441940708994602,0.0456171425325529,115624204.6187864,0.0238428002680616,0.5700000000000001,1618272000000,112867399.8019072
2021-04-20,S2,0.4612220897007797,0.0575424065602194,114667445.24114393,0.0588383733726067,0.9099999999999988,1618876800000,107920599.28436254
2021-04-25,S2,0.3515779873337448,0.1574811913345276,102354795.70528585,0.3694059361473716,0.9299999999999888,1619308800000,64544326.57860176
2021-04-27,L8,0.1495133440264246,0.1916905084652687,116081305.9325386,0.547141519132496,0.32,1619481600000,52568403.86172542
2021-04-28,S2,0.2420143668467605,0.0981877818998092,115190524.57719724,0.0701282150675123,0.8299999999999998,1619568000000,107112418.69590798
2021-05-03,S2,0.4296782562219929,0.2366673735050416,91363655.94972605,0.2530592775162679,0.940000000000018,1620000000000,68243235.18384351
2021-05-04,L8,0.427842966491813,0.0534695765146842,115833605.96745086,0.0062583167395557,0.5200000000000001,1620086400000,115108682.57222164
2021-05-10,S2,0.444263864563021,0.056061267907603,115057038.77398996,0.0175741104346387,0.9099999999999984,1620604800000,113035013.66829333
2021-05-13,L8,0.4596275466776222,0.0536113851779403,115555040.66088484,0.3480829517173703,0.6,1620864000000,75332301.02182329
2021-05-20,L8,0.4293169628006719,0.2758912008542281,65475346.24865962,0.3275384067961054,0.940000000000012,1621468800000,44029655.65395029
2021-06-04,S2,0.2224854308586727,0.1336948180062486,99952775.27924708,0.1050830815430255,0.930000000000002,1622764800000,89449429.64412625
2021-06-07,S2,0.1536514569363827,0.2153786828913835,115733060.75059453,0.2676692204672188,0.49,1623024000000,84754882.59719759
2021-06-14,L8,0.4761446144108457,0.0632033912681872,94408166.4673062,0.2162924080240671,0.9300000000000048,1623628800000,73988396.80495556
2021-06-17,S2,0.4152497057245868,0.068488417655052,115919304.43224002,0.0039525977850816,0.6700000000000002,1623888000000,115461122.04629296
2021-06-19,S2,0.3667356645111056,0.1709680146340168,78348841.00871913,0.1867379371852994,0.9400000000000084,1624060800000,63718140.05789193
2021-07-17,S2,0.3984568369410561,0.1111344329370084,93431174.74413107,0.1857360956351754,0.940000000000022,1626480000000,76077633.13654836
2021-07-19,S2,0.3367883866181699,0.0697048762902247,116066640.91534744,0.0031458549615643,0.44,1626652800000,115701512.0971518
2021-07-22,S2,0.2459479606368817,0.1004986766652226,115792830.64918438,0.0435389317068758,0.6599999999999999,1626912000000,110751334.5034037
2021-07-23,L8,0.3511953751958273,0.1711097091436386,77301969.14661458,0.2358860796353797,0.9400000000000222,1626998400000,59067510.69652458
2021-07-27,S2,0.4140317157321614,0.0640791550085686,109557285.31224445,0.0526318806454169,0.9300000000000036,1627344000000,103791079.34785452
2021-08-01,L8,0.3980800393827386,0.2217787374985322,52674738.01414484,0.5790531867325757,0.94,1627776000000,22173263.10675072
2021-08-08,L8,0.429387939687985,0.0535857621580362,115835425.39636087,0.0053766386890429,0.58,1628380800000,115212620.16661309
2021-08-11,S2,0.4299282224732134,0.0504670104338336,115895092.5250718,0.0043515504470031,0.46,1628640000000,115390769.18338887
2021-08-16,L7,0.3670742152512174,0.2556174515114872,88606988.93933433,0.2842954176301012,0.9400000000000028,1629072000000,63416428.01388052
2021-08-24,L8,0.4135038575932111,0.1268671818303029,97541493.1559465,0.1521062420324512,0.9400000000000204,1629763200000,82704823.18976142
2021-08-26,S2,0.2304618172458278,0.2144424704439384,66992975.51244928,0.4759806051029632,0.940000000000002,1629936000000,35105618.49038567
2021-09-07,S2,0.430410345206235,0.0594858495106583,115715093.68432906,0.0076830295077365,0.7000000000000001,1630972800000,114826051.20506188
2021-09-17,S2,0.3355845262278408,0.1887448903994224,78840385.23802176,0.2175292186201316,0.9400000000000028,1631836800000,61690297.84148472
2021-09-18,L8,0.4617457288567232,0.0553138555497797,115617483.0888614,0.4991009784264613,0.41,1631923200000,57912684.15600583
2021-09-20,S2,0.4457072157827226,0.046043243359875,115834239.4704284,0.0064533850939932,0.4299999999999999,1632096000000,115086716.5160559
2021-09-27,S2,0.4289323777071059,0.0481031250674277,115826537.94296782,0.0043649650527606,0.45,1632700800000,115320959.15266453
2021-10-03,L7,0.3516529963518953,0.2132214206632948,92978417.7449056,0.4055219940549974,0.9300000000000018,1633219200000,55273624.37691292
2021-10-04,L8,0.4763737403987084,0.051503113544304,114995426.05548404,0.4556935651042492,0.78,1633305600000,62592750.385578446
2021-10-07,S2,0.4139593955065798,0.0475880956011159,115803153.85502934,0.0039907545343884,0.4599999999999999,1633564800000,115341011.8936859
2021-10-15,S2,0.4142152564517763,0.1424454334218078,83234711.51223572,0.2731468871524615,0.9400000000000006,1634256000000,60499409.15963538
2021-10-17,S2,0.4305453637761847,0.0517120688896754,115419163.44060016,0.0206409087294023,0.75,1634428800000,113036807.02239875
2021-10-19,L7,0.3542366531026044,0.0490224930066622,115757484.6987812,0.315690901407535,0.38,1634601600000,79213900.00955403
2021-10-22,S2,0.3520817076253732,0.1417936904771813,88057738.70244232,0.1171991681426981,0.940000000000023,1634860800000,77737444.977989
2021-10-30,S2,0.366539620890463,0.0558916668718059,115483614.0400994,0.0719499419600736,0.61,1635552000000,107174574.7125747
2021-11-04,L7,0.3511807093820503,0.2560677827428707,77536498.52081132,0.3450421186481074,0.9400000000000104,1635984000000,50783140.79863472
2021-11-05,L8,0.4300374281821302,0.0461895857306298,115431931.53967136,0.4795339102942554,0.52,1636070400000,60078406.03563395
2021-11-06,S2,0.3827229873303994,0.0491238092737538,115702642.53930096,0.0041198464561595,0.4699999999999998,1636156800000,115225965.41746712
2021-11-09,S2,0.2693964027056645,0.0998086449521346,115769200.03352568,0.1938340066547998,0.33,1636416000000,93329192.14380644
2021-11-11,S2,0.2266242645887034,0.0832168533981845,115903755.1194978,0.0126417008429116,0.44,1636588800000,114438534.520707
2021-11-16,S2,0.3981258817020371,0.0495738100615285,115681371.97569609,0.0043682140343505,0.52,1637020800000,115176050.98311892
2021-11-21,L8,0.4303938330044018,0.0496039107866113,115422218.684621,0.5649512849547352,0.5,1637452800000,50214287.92641791
2021-11-26,S2,0.3358527571799704,0.2676399990916252,60512453.725899965,0.480459584804937,0.9400000000000068,1637884800000,31438665.333226103
2021-11-28,L8,0.3518286108406203,0.0533763436092571,115634477.4304966,0.003115519687064,0.51,1638057600000,115274215.93955852
2021-12-04,S2,0.3523992284738876,0.0686349297550311,115195773.35653822,0.1580669834259296,0.76,1638576000000,96987124.95865317
2021-12-06,L7,0.3520150961263381,0.0481254733516648,115636836.12289374,0.1883533259781911,0.44,1638748800000,93856253.43355164
2021-12-09,S2,0.398334463883458,0.0680780008134278,115223048.86573704,0.1022490045600875,0.63,1639008000000,103441606.81683712
2021-12-14,L8,0.3044729959793615,0.0909525729648331,108179206.05025087,0.1605010087479132,0.9299999999999916,1639440000000,90816334.35363723
2021-12-16,S2,0.3980078691819951,0.049055262909908,115553552.99273616,0.0043330360563091,0.54,1639612800000,115052855.281184
2021-12-19,S2,0.2734939784968528,0.1044203732596391,99515457.90413503,0.1816469401214471,0.93,1639872000000,81438779.48106425
2021-12-21,S2,0.3511791747309498,0.050970833050087,115572986.75679864,0.0042750145357593,0.56,1640044800000,115078910.5584722
2021-12-22,L7,0.3654472034985931,0.0549689461478788,115624757.44417988,0.158035716635116,0.48,1640131200000,97351916.04072744
2021-12-24,S2,0.3512703248852194,0.1700950252291347,105782777.15986995,0.4450226080304585,0.9299999999999944,1640304000000,58707049.78347982
2021-12-26,S2,0.3995442746171208,0.0519675003364682,115529676.29268636,0.0038224374541864,0.5400000000000001,1640476800000,115088071.33095516
2021-12-29,S2,0.3048195900196213,0.0919828897905345,101549701.0869744,0.1226344613318634,0.9300000000000036,1640736000000,89096208.19576155
2021-12-30,L8,0.3509175725362545,0.0602684396158128,114675171.55077074,0.0479027717961219,0.9199999999999996,1640822400000,109181912.97729304
2021-12-31,S2,0.3358647746795924,0.2523647439908606,80998233.10384212,0.2018019711365424,0.940000000000017,1640908800000,64652630.00490964
2022-01-08,S2,0.3831976977524048,0.0652057754661124,115498535.82295494,0.0919585442136736,0.53,1641600000000,104877458.60986516
2022-01-10,S2,0.3825446170099462,0.0529479173322518,115599415.79115644,0.0042779657986878,0.56,1641772800000,115104885.44405356
2022-01-13,S2,0.3826703124778121,0.263278466010761,79424597.24102421,0.3234307264922812,0.9400000000000072,1642032000000,53736242.05400291
2022-01-18,S2,0.2732305845284572,0.1854055124992741,80481911.54773279,0.1796279839692532,0.9400000000000116,1642464000000,66025108.03042178
2022-01-20,S2,0.3362027435878092,0.0835554175728544,104828478.6367494,0.0980272476536078,0.9300000000000036,1642636800000,94552431.40027384
2022-01-28,S2,0.3671480526193508,0.0583561408545887,115682131.30850574,0.0041601829149122,0.4599999999999999,1643328000000,115200872.48227549
2022-01-30,S2,0.3048046794697234,0.2202533334493637,67455163.88947606,0.3701147954162135,0.9400000000000176,1643500800000,42489009.706755474
2022-02-02,S2,0.3661117573051992,0.0481074071592754,115596957.28926264,0.0043738210152396,0.5599999999999999,1643760000000,115091356.8881731
2022-02-04,S2,0.3984883329105458,0.2206588805973929,79512862.65593499,0.3162189739542311,0.9400000000000188,1643932800000,54369386.81071152
2022-02-07,S2,0.3976453496491521,0.0496303036131642,115573614.90552913,0.004202548109047,0.53,1644192000000,115087911.22875217
2022-02-09,S2,0.366685718617736,0.0490903221070766,115547557.53940047,0.0044877572361215,0.5899999999999999,1644364800000,115029008.15193687
2022-02-12,S2,0.3187584803020094,0.0485794118002933,115613842.69073991,0.0043149896171768,0.5700000000000001,1644624000000,115114970.15992746
2022-02-14,S2,0.3817520164858435,0.0670965519444695,115672829.6134182,0.0041518326330594,0.51,1644796800000,115192575.38467088
2022-02-17,S2,0.3842067096944285,0.0480384611739562,115554482.8574755,0.0040660394367376,0.5600000000000002,1645056000000,115084633.7730852
2022-02-22,S2,0.1954186417447172,0.1112064051416243,107410913.49246997,0.0766103856097247,0.9300000000000038,1645488000000,99182121.99111906
2022-03-04,S2,0.1290362955212992,0.1190767116781134,60967927.95912126,0.2640660723458011,0.9500000000000086,1646352000000,44868366.68389435
2022-03-09,S2,0.3819900620783123,0.0555786936084892,115383730.5636556,0.0133962413925334,0.71,1646784000000,113838022.25625382
2022-03-11,S2,0.4153978110370573,0.049079999753407,115549933.64335077,0.0047221545725821,0.59,1646956800000,115004288.99583524
2022-03-16,S2,0.4610672932595535,0.0544153853104664,114987609.14865103,0.026800859427372,0.9099999999999988,1647388800000,111905842.39996845
2022-03-19,S2,0.3114644984404246,0.2387477077874957,116905913.77439892,0.0039010353576948,0.01,1647648000000,116449859.67124136
2022-03-24,S2,0.3833570277693248,0.0603394565379872,108359082.77321637,0.0409328467779276,0.9400000000000084,1648080000000,103923637.04106352
2022-03-29,S2,0.3822524402403142,0.287205331384978,78829573.58522037,0.2597091512711794,0.9400000000000168,1648512000000,58356811.934333794
2022-04-05,S2,0.2075624086628622,0.0891836466677969,115962659.20694128,0.0048202102024274,0.45,1649116800000,115403694.81393136
2022-04-08,S2,0.4297955982116906,0.0799316214379261,108753345.00866368,0.1477278312259281,0.9299999999999892,1649376000000,92687449.21196866
2022-04-13,S2,0.4137476557858513,0.0595904866691577,107232174.39664136,0.0562969467873877,0.9300000000000038,1649808000000,101195330.38073777
2022-04-18,S2,0.4454937880160827,0.2131663815071926,77338418.74613395,0.4806142088977734,0.9400000000000084,1650240000000,40168475.80305605
2022-04-28,S2,0.4609544331377586,0.107103288849363,95207292.2121878,0.3295980319771937,0.9300000000000024,1651104000000,63827156.06917311
2022-05-10,S2,0.4450904189318107,0.0594409488194617,113284069.95203264,0.0167299874332832,0.9300000000000048,1652140800000,111388828.88534395
2022-05-13,S2,0.3981020146348716,0.0613575196253975,115457063.86328036,0.0121044957448489,0.8999999999999999,1652400000000,114059514.32503451
2022-05-15,S2,0.430286902595985,0.0568674288010115,115897858.99403629,0.0042428156088958,0.5800000000000001,1652572800000,115406125.74885878
2022-05-18,S2,0.4463160415316007,0.0553623187369194,115925706.95940374,0.0042907452758735,0.5199999999999999,1652832000000,115428299.27991538
2022-05-25,S2,0.3986353922446504,0.2669999957084655,68192530.91627027,0.299686432189439,0.9400000000000132,1653436800000,47756154.62400522
2022-05-28,S2,0.3830164177241285,0.318586408281872,72058351.79066803,0.2576287252888516,0.9400000000000228,1653696000000,53494050.472422585
2022-05-30,S2,0.3204081034895938,0.2638707943703064,56797066.99885012,0.3922985960790877,0.9400000000000228,1653868800000,34515657.35379134
2022-06-09,S2,0.4135115501682034,0.0680967447590704,113514371.61750925,0.019604254207792,0.9300000000000046,1654732800000,111289007.02008182
2022-06-17,S2,0.4452485039288584,0.1239169697093241,109236025.37522791,0.2824796669036836,0.9300000000000032,1655424000000,78379069.3133512
2022-07-14,S2,0.367226936184868,0.2170183998536189,68055598.65317376,0.2533934182347722,0.9400000000000236,1657756800000,50810757.8804323
2022-07-19,S2,0.4613960285697413,0.0672100673688865,114990962.92549886,0.0441746549064778,0.9199999999999972,1658188800000,109911276.82090136
2022-07-27,S2,0.382530912278416,0.1857067318014394,71059313.2493202,0.403309490642351,0.9400000000000068,1658880000000,42400417.8173416
2022-08-11,S2,0.4605630476238363,0.0764520977199113,115315930.53711608,0.2011702601378214,0.8500000000000001,1660176000000,92117794.79292949
2022-08-18,S2,0.4608192968703107,0.118917733166487,81703332.80625287,0.1390296567402077,0.940000000000002,1660780800000,70344146.49166857
2022-08-21,S2,0.4301361502636325,0.0534888883983647,116112455.46242245,0.0037125441094046,0.45,1661040000000,115681382.84986693
2022-08-28,S2,0.4456106617921542,0.0535435290021054,116062625.3730076,0.0038425621124893,0.45,1661644800000,115616647.52607325
2022-09-02,S2,0.382441384726878,0.2864999361082119,66587581.91714056,0.2352662008157769,0.9400000000000178,1662076800000,50921774.49798557
2022-09-05,S2,0.2440623839404354,0.1844814287256763,115870461.05636773,0.2364779670895561,0.33,1662336000000,88469649.9800283
2022-09-10,S2,0.38258418846795,0.189250770486632,89989500.20169267,0.2616634429920553,0.9300000000000004,1662768000000,66442537.74578351
2022-09-12,S2,0.4297483076680356,0.0564086958765983,115991288.31482364,0.0040308590004806,0.4299999999999999,1662940800000,115523743.78634249
2022-09-25,S2,0.3518213075476407,0.1975138860880601,81475040.6667959,0.1638641078610891,0.9400000000000144,1664064000000,68124205.81498542
2022-09-27,S2,0.4450834908361897,0.0560545453971082,114823231.49552216,0.0300922729680051,0.9099999999999986,1664236800000,111367939.47029048
2022-09-30,S2,0.2149283388154943,0.0890556981217082,116115569.95420498,0.0041023032989272,0.4299999999999999,1664496000000,115639228.66852504
2022-10-02,S2,0.3829709986481624,0.0695684207113165,114182305.4944193,0.0586109674339539,0.9100000000000004,1664668800000,107489970.10555212
2022-10-15,S2,0.4450667366766442,0.0500318176028403,115803858.336174,0.0037463884698934,0.4200000000000001,1665792000000,115370012.09653418
2022-10-17,S2,0.3366667731246481,0.0617833336758794,116102969.5212144,0.0037976067800599,0.4099999999999999,1665964800000,115662056.09697554
2022-10-22,S2,0.4460280103652129,0.049075554890765,115812609.48064876,0.0042224431392485,0.44,1666396800000,115323597.32230872
2022-10-25,S2,0.351895336676489,0.1863099718827171,103742263.31525251,0.4962370084148278,0.9299999999999996,1666656000000,52261512.92150828
2022-10-30,S2,0.335724859541513,0.2830516490648272,76283221.36576861,0.3708904224022621,0.940000000000016,1667088000000,47990505.17121342
2022-11-01,S2,0.4443871338102251,0.0495890914716503,115772680.01031429,0.0038719812437486,0.45,1667260800000,115324410.36477582
2022-11-16,S2,0.3994998728936433,0.0502568180249495,115794474.55797432,0.0040985634829094,0.4899999999999999,1668556800000,115319883.5530283
2022-11-19,S2,0.2382276995124941,0.1572421548853649,113294946.08372591,0.0462167942793234,0.9200000000000016,1668816000000,108058816.86768731
2022-11-21,S2,0.4148066345684543,0.0490978720815891,115747018.5252088,0.0040694022602097,0.4599999999999999,1668988800000,115275997.34640978
2022-11-24,S2,0.382729998826111,0.0714002189297733,101272179.08539656,0.1274129687409047,0.9300000000000036,1669248000000,88368790.09726562
2022-11-26,S2,0.3509565888340602,0.0519865387334273,115806268.35600016,0.0038578070895233,0.4699999999999999,1669420800000,115359510.11292514
2022-11-29,S2,0.3829362898519974,0.0732657746152878,114878921.291884,0.1145188247092794,0.8999999999999997,1669680000000,101723122.24166764
2022-12-01,S2,0.4140894163929441,0.0495843756943941,115714897.78004947,0.0042141576532439,0.4699999999999999,1669852800000,115227256.95797534
2022-12-04,S2,0.445698769366643,0.0657031594316188,115011164.09728676,0.1555559802047784,0.83,1670112000000,97120489.7316407
2022-12-06,S2,0.3826216319949954,0.0514454546977173,115692853.88398156,0.0039426861019147,0.51,1670284800000,115236713.27688234
2022-12-11,S2,0.3511481547481753,0.1663943562566875,104219925.044155,0.240239570585204,0.9300000000000048,1670716800000,79182175.00512506
2022-12-16,S2,0.3833228679012051,0.0496000004932284,115674734.22373147,0.0042261192357848,0.53,1671148800000,115185879.00433429
2022-12-19,S2,0.2691498005863407,0.1883380512908743,87738639.18826115,0.49547432400602,0.9300000000000008,1671408000000,44266396.24724936
2022-12-26,S2,0.2888445146937376,0.1421839361749152,89914173.97766158,0.1111099805998312,0.940000000000004,1672012800000,79923811.85135375
2022-12-29,S2,0.2884960004668849,0.0681487922764306,115437750.21861596,0.0058226596561309,0.67,1672272000000,114765595.48762351
2022-12-31,S2,0.4151120041999456,0.0480961538851261,115530284.36991043,0.0042757954832004,0.53,1672444800000,115036300.50182872
2023-01-03,S2,0.35162258794865,0.0721367935371253,104966271.82416517,0.0886133489279782,0.9300000000000042,1672704000000,95664858.9533414
2023-01-05,S2,0.3981330273276386,0.056082322260528,115311153.48333149,0.0524766633923411,0.7500000000000001,1672876800000,109260008.8966041
2023-01-08,S2,0.3518092912567012,0.0578692205612844,115428586.85178848,0.0026249240881521,0.7100000000000001,1673136000000,115125595.57369986
2023-01-10,S2,0.3667364256236918,0.1073595080466896,101347133.59954908,0.1512511118780475,0.9400000000000048,1673308800000,86018266.95696425
2023-01-15,S2,0.3205982282050882,0.1583192603005294,68068521.74546757,0.3792248233231702,0.9400000000000202,1673740800000,42255248.61267327
2023-01-18,S2,0.1993907645520087,0.0847554008491122,115759460.27730168,0.040425075735528,0.4000000000000001,1674000000000,111079875.32848792
2023-01-23,S2,0.3981803972137322,0.0484993486067565,115000587.9133263,0.0086973470893256,0.8900000000000001,1674432000000,114000387.8847676
2023-01-25,S2,0.3676931501474857,0.0516240000228087,115265913.07459508,0.0072793216923172,0.6500000000000001,1674604800000,114426855.41316642
2023-01-28,S2,0.3689528953830056,0.0490826083266216,115354249.58297436,0.0023919192686549,0.77,1674864000000,115078331.5306756
2023-01-30,S2,0.3986809693545723,0.2135595833688361,105900791.06357609,0.2943864000290882,0.9299999999999924,1675036800000,74725038.42213729
2023-02-02,S2,0.3979729428973322,0.0485774194521288,115524951.68910468,0.0041272609978829,0.5400000000000001,1675296000000,115048150.06171592
2023-02-04,S2,0.3657446695945568,0.0496062510646879,115552778.55940951,0.0042819610679406,0.5800000000000002,1675468800000,115057986.06032576
2023-02-07,S2,0.3522722082788462,0.048054838372815,115612752.67419772,0.0040380494165826,0.56,1675728000000,115145902.66571218
2023-02-09,S2,0.4127977811835997,0.0519518523856445,115533970.84505214,0.0041945924064445,0.5499999999999999,1675900800000,115049352.92825907
2023-02-17,S2,0.2575315569814317,0.0563996521610635,115800353.26738572,0.0042422270364945,0.53,1676592000000,115309101.8779192
2023-02-19,S2,0.4131941223281553,0.0504686274364882,115547320.79491045,0.0045574572708865,0.5700000000000001,1676764800000,115020718.8176222
2023-02-22,S2,0.4136860671759193,0.0460757578186916,115511631.05466552,0.004347778439182,0.56,1677024000000,115009412.0756913
2023-02-24,S2,0.3822862302249457,0.0495818186212669,115538703.61576097,0.0043171950364819,0.59,1677196800000,115039900.49798945
2023-02-27,S2,0.3824482163530148,0.0452027032906944,115530198.6040097,0.0044228952137665,0.59,1677456000000,115019220.64155851
2023-03-04,S2,0.3677549215292839,0.0485921052137487,115614421.41593812,0.0042033233989753,0.5300000000000001,1677888000000,115128456.6131415
2023-03-11,S2,0.3825130656768475,0.0736685331966493,100556328.31419842,0.1311372087198002,0.9300000000000096,1678492800000,87369652.09996262
2023-03-14,S2,0.4453352130380978,0.0559387329174843,114987546.24356715,0.012531947662299,0.91,1678752000000,113546528.3322266
2023-03-26,S2,0.3361486100669711,0.2249104843264625,103158128.83296472,0.5416849705610065,0.929999999999996,1679788800000,47278920.8529517
2023-03-29,S2,0.4298447329361062,0.0693178648649151,103156828.12565586,0.0987161765997296,0.9400000000000136,1680048000000,92973580.46293566
2023-03-31,S2,0.4301374873447832,0.0854212423445672,115471473.27003676,0.4307011062642425,0.48,1680220800000,65737781.99067001
2023-04-03,S2,0.3986516007428023,0.0733027750516886,100926241.3488138,0.1512476529188984,0.9300000000000042,1680480000000,85661384.22687943
2023-04-08,S2,0.3988939695727959,0.0692325959919865,108547452.3218262,0.1287679290225699,0.9299999999999822,1680912000000,94570021.68566848
2023-04-10,S2,0.3516462655401545,0.0809594470251238,100516864.61642632,0.1068959644702048,0.9500000000000104,1681084800000,89772017.42773244
2023-04-13,S2,0.3986008128504471,0.0654872852234508,112474210.1273706,0.0845348350683066,0.9299999999999938,1681344000000,102966221.32481526
2023-04-23,S2,0.2572512772577822,0.2639057686762067,82399928.89299749,0.46203552232868,0.9300000000000028,1682208000000,44328234.7070753
2023-05-08,S2,0.2003093808889389,0.2507427859985298,79984944.78471872,0.0717491226177615,0.95,1683504000000,74246095.17378505
2023-05-13,S2,0.1618936874108572,0.3186453862866867,114906151.2773199,0.0443273818874221,0.91,1683936000000,109812662.42843623
2023-06-04,S2,0.4303854316517688,0.0621487176380096,115932690.52799678,0.0036843307766613,0.6,1685836800000,115505556.14826332
2023-06-12,S2,0.3981210523446346,0.0955767246116918,94566125.6649902,0.0815366147103687,0.9400000000000244,1686528000000,86855523.91199157
2023-06-17,S2,0.0859688932430222,0.1391173810947574,64825263.88692266,0.4167644213983628,0.9400000000000132,1686960000000,37808400.29109316
2023-06-19,S2,0.367410118866553,0.1356811238338752,85001605.4834874,0.1545811457295146,0.9400000000000072,1687132800000,71861959.91900173
2023-07-02,S2,0.4139981236021527,0.2473499998450279,80143608.88518879,0.3137675535539971,0.9400000000000106,1688256000000,54997144.79229471
2023-07-17,S2,0.3671396723509373,0.0932235956985822,91605832.76436605,0.2154089168081026,0.9400000000000054,1689552000000,71873119.55528976
2023-08-03,S2,0.3985430451671005,0.0928288703739962,95637420.2808001,0.1206948900826642,0.9400000000000268,1691020800000,84094472.35221937
2023-08-06,S2,0.3201825578392344,0.2197428558553968,66212905.096887454,0.275634265623932,0.940000000000017,1691280000000,47962359.62567977
2023-08-26,S2,0.4451154830448669,0.0475223082475937,116119127.90748218,0.0043993633392614,0.4299999999999999,1693008000000,115608277.673179
2023-09-02,S2,0.3829240809866583,0.0688458376983708,116058466.28664216,0.0131624788645021,0.42,1693612800000,114530849.1770977
2023-09-17,S2,0.4298313883761864,0.1074816294070263,103986940.27250405,0.0654512970229983,0.9400000000000002,1694908800000,97180860.1582156
2023-09-20,S2,0.4148724440296893,0.3225263137566416,103801115.24948488,0.5437277901243522,0.9200000000000004,1695168000000,47361564.24243927
2023-09-25,S2,0.4142775513038864,0.0674336921900113,101480742.26541243,0.0472503364334407,0.9400000000000168,1695600000000,96685743.05185644
2023-09-30,S2,0.4140687962610984,0.0564421050642666,115771512.89869218,0.0560854281548865,0.4299999999999999,1696032000000,109278418.02963006
2023-10-07,S2,0.4143024839663079,0.0724535340518809,108347804.56693956,0.0576632907809357,0.9300000000000036,1696636800000,102100113.60672012
2023-10-15,S2,0.4137465276403448,0.0879536048416559,112132588.18075696,0.1902096973275759,0.9399999999999996,1697328000000,90803882.52233744
2023-10-17,S2,0.4298812678814021,0.0480705876560772,115966357.07486884,0.0038347941019061,0.44,1697500800000,115521649.9727386
2023-10-25,S2,0.2734876237001342,0.3266415113126332,59047639.39332299,0.5871296307537534,0.9400000000000064,1698192000000,24379020.679440487
2023-11-04,S2,0.383396156865453,0.0534727268033858,115841672.92243128,0.0031602387030379,0.55,1699056000000,115475585.58423714
2023-11-09,S2,0.3660983746266419,0.0583288009147921,115750871.4095004,0.0053442083210586,0.5999999999999999,1699488000000,115132274.63934396
2023-11-14,S2,0.3362482351053007,0.3297800064086914,82155229.80042699,0.3270308112765629,0.9400000000000116,1699920000000,55287938.34818089
2023-11-24,S2,0.4764964690434648,0.0617424294937443,115007014.85620303,0.1577813192044986,0.81,1700784000000,96861056.33441997
2023-11-26,S2,0.2848391516574717,0.0822499019991793,115846442.89989851,0.090744209856948,0.37,1700956800000,105334048.97420916
2023-11-29,S2,0.382898301777986,0.1539073284681852,104040288.27005976,0.2422305744678754,0.9300000000000032,1701216000000,78838549.47459982
2023-12-04,S2,0.3677659534379445,0.0691142087978106,115559711.89989568,0.3201158226294802,0.5999999999999999,1701648000000,78567219.66223483
2023-12-06,S2,0.3986651458641285,0.0522220429754064,115822740.95045193,0.0062057279047316,0.5399999999999999,1701820800000,115103976.53493318
2023-12-09,S2,0.4144591832590443,0.0673751669221987,105111426.39089492,0.0827449515439678,0.9300000000000028,1702080000000,96413986.507463
2023-12-19,S2,0.1940064344363327,0.0758801739490771,116108727.87575638,0.0038943637951336,0.3099999999999999,1702944000000,115656558.24961802
2023-12-26,S2,0.4134701193497517,0.0514568181877786,115798190.97935052,0.004343761835241,0.4699999999999999,1703548800000,115295191.21678446
2023-12-29,S2,0.430880810270042,0.0592883143186221,115156206.55315278,0.0428747147065744,0.83,1703808000000,110218917.050495
2023-12-31,S2,0.3522045958068578,0.0713058048152473,114260220.30496807,0.072423208773998,0.9499999999999968,1703980800000,105985128.51525836
2024-01-03,S2,0.3988825095849952,0.0653556117407602,110219599.86608271,0.06570543272677,0.9300000000000024,1704240000000,102977573.36191031
2024-01-05,S2,0.2581723336300159,0.0739999995049503,115899501.52296844,0.0056682706512353,0.42,1704412800000,115242551.77999295
2024-01-08,S2,0.3518891038801143,0.3296750001609325,75609930.15176833,0.2834977990240485,0.9400000000000032,1704672000000,54174681.36937997
2024-01-10,S2,0.3672513688921398,0.0839801594992636,100243698.5989277,0.1064308451062653,0.9400000000000068,1704844800000,89574677.04046609
2024-01-18,S2,0.3841921877001704,0.0541648149352382,115513015.18998168,0.0039078330653611,0.6899999999999998,1705536000000,115061609.6097427
2024-01-20,S2,0.2884897611942944,0.2635733326276143,61568117.53135245,0.3394914038523879,0.9400000000000144,1705708800000,40666270.87808479
2024-01-23,S2,0.3354363612519634,0.0535083328270249,115725583.88364168,0.0041256554398839,0.4599999999999999,1705968000000,115248139.9989584
2024-01-25,S2,0.4298587875620952,0.0971704914147044,114712955.36852112,0.385443806487683,0.8400000000000001,1706140800000,70497557.19782664
2024-01-30,S2,0.3991394327372261,0.0475491231732201,115570937.94673143,0.0041485929863799,0.55,1706572800000,115091481.16413628
2024-02-04,S2,0.4002490652140182,0.0481000000477901,115651982.48531523,0.0043197668042596,0.54,1707004800000,115152392.89052837
2024-02-07,S2,0.1170967642797776,0.1765967366108337,65503621.947308704,0.5889631800269601,0.9400000000000012,1707264000000,26924400.461937997
2024-02-09,S2,0.273636298721956,0.2634575169745691,38154933.15540747,0.2933179424620774,0.9500000000000064,1707436800000,26963406.667485256
2024-02-12,S2,0.3678622965146172,0.0481111110291547,115666551.66411906,0.0040296559315672,0.52,1707696000000,115200455.25812182
2024-02-14,S2,0.3830796220978557,0.0519914533783737,115687472.05983844,0.0041912398721089,0.55,1707868800000,115202598.11423774
2024-02-17,S2,0.4293843070416321,0.0496902439016394,115268238.60190146,0.0186439103353224,0.8699999999999999,1708128000000,113119187.89689703
2024-02-19,S2,0.3836077192667115,0.0515489797963171,115656130.63149512,0.0041325180623145,0.53,1708300800000,115178179.58264308
2024-02-24,S2,0.1445287567507929,0.1850579163112706,116165346.86725365,0.0782957499891346,0.21,1708732800000,107070093.91153406
2024-02-27,S2,0.3045823869577425,0.0708419595303117,114820334.42921552,0.0937047764463573,0.8999999999999996,1708992000000,104061120.66002987
2024-02-29,S2,0.4299950535617897,0.0681535178760247,110177340.73068802,0.0954834028553643,0.9299999999999964,1709164800000,99657233.320167
2024-03-03,S2,0.3816715964443999,0.0475950006395578,115658818.18920805,0.0041362671725484,0.52,1709424000000,115180422.41631629
2024-03-05,S2,0.3984771997074253,0.0524894734354395,115667586.0733791,0.0079881994685249,0.5599999999999999,1709596800000,114743610.32378218
2024-03-15,S2,0.3982845695771301,0.1814146140117346,87379582.73141465,0.2933211783972997,0.9400000000000056,1710460800000,61749300.55677176
2024-03-18,S2,0.4450091570694153,0.0456309521659499,115696634.52748258,0.0261346114498173,0.5499999999999999,1710720000000,112672947.9380553
2024-03-20,S2,0.3517746383236937,0.2460274006241262,88127191.78720799,0.2303493682622296,0.9400000000000156,1710892800000,67827148.83230028
2024-03-25,S2,0.3977971329947128,0.3105631580478267,60877489.50670857,0.2436078917611982,0.9400000000000112,1711324800000,46047252.63226483
2024-03-28,S2,0.4451218406628408,0.0451714293587775,115784154.99797122,0.0272099806720058,0.5399999999999999,1711584000000,112633670.3783519
2024-04-07,S2,0.3818675531740457,0.0548906250623986,115773328.11287436,0.004306368988781,0.54,1712448000000,115274765.4429611
2024-04-09,S2,0.3665469968085732,0.2908721547404534,63217873.65698336,0.2751675699541205,0.9400000000000214,1712620800000,45822364.98512463
2024-04-10,L8,0.4296335455611015,0.0789336977903908,115663079.57357344,0.2500992994625971,0.5,1712707200000,86735824.3985361
2024-04-12,S2,0.4294564530641094,0.0495395355446394,115755515.7615876,0.004380399643188,0.56,1712880000000,115248460.34164847
2024-04-14,S2,0.3524993220806055,0.0811100099419969,103576858.38662496,0.1234622590670587,0.9400000000000064,1713052800000,90789025.4631434
2024-04-17,S2,0.4453264865159783,0.0513583937754905,115742184.48498298,0.0059712680872614,0.6399999999999999,1713312000000,115051056.87241788
2024-04-26,L8,0.4141136497535034,0.0682203134447158,109946608.57059212,0.1021764117814954,0.9300000000000036,1714089600000,98712658.6193044
2024-04-27,S2,0.4451901572049721,0.2049970442268261,74649289.54333445,0.4442995796232966,0.9400000000000008,1714176000000,41482641.5800532
2024-05-12,L8,0.397788126314383,0.1930349762078611,75937240.6010225,0.2464101212654305,0.94000000000003,1715472000000,57225535.93596237
2024-05-14,S2,0.4603716813808514,0.0578905840842358,115998886.29444318,0.0049544954089759,0.55,1715644800000,115424170.34485105
2024-05-17,S2,0.4768255920346991,0.0578410045434577,116023903.7193551,0.0056095084817169,0.52,1715904000000,115373066.64735948
2024-05-22,S2,0.1541568562592297,0.3174722444118382,65327654.31864184,0.3565796742389738,0.9400000000000004,1716336000000,42033140.62290425
2024-05-24,S2,0.4450964149751926,0.0602681393249123,115995780.9712173,0.0050233050342077,0.6,1716508800000,115413098.78071772
2024-05-27,S2,0.4295230883029334,0.0738308766659328,115597926.93606776,0.0600789634746683,0.63,1716768000000,108652923.30592838
2024-05-28,L8,0.1691787540912628,0.3390289699883568,116865619.99210536,0.0241471368670156,0.54,1716854400000,114043649.87110735
2024-06-16,S2,0.3360428785905911,0.3553403926186536,68443087.68284792,0.4872374251467253,0.9400000000000084,1718496000000,35095053.87116555
2024-06-18,S2,0.4140959182481237,0.0994494926653554,103093667.74308084,0.1534492183141232,0.9400000000000014,1718668800000,87274025.01476917
2024-06-28,S2,0.3514588412147915,0.122668736391185,97883801.7531509,0.1603124827713685,0.9400000000000214,1719532800000,82191806.47100285
2024-07-06,S2,0.3514479696284439,0.1496294608863268,72571863.10467495,0.1967338110689855,0.9400000000000286,1720224000000,58294523.89971555
2024-07-08,L8,0.4143343364663712,0.0915462913627679,72507743.22339821,0.2399255536431722,0.9400000000000136,1720396800000,55111282.78710742
2024-07-11,S2,0.4752248985636415,0.0583291673722366,116212436.60768808,0.0051655312912843,0.4299999999999999,1720656000000,115612137.62995464
2024-07-13,S2,0.4765720837935525,0.062666520602775,116249676.71485524,0.0044969793710381,0.48,1720828800000,115726904.3167787
2024-07-18,S2,0.4767171489624344,0.1269254047502077,100488268.42554004,0.2017194639269843,0.9400000000000032,1721260800000,80217828.78778918
2024-07-23,S2,0.2735761071807926,0.2991428099224718,71686690.98152477,0.4127993781205074,0.9400000000000308,1721692800000,42094469.52483436
2024-07-26,S2,0.4300490023061251,0.0572621674831415,115509516.60503612,0.0135076993374308,0.8600000000000002,1721952000000,113949248.78412332
2024-07-28,S2,0.4754407358465188,0.0573784360883715,116032846.98096952,0.0047131592744088,0.49,1722124800000,115485965.69208512
2024-08-07,S2,0.3520218681885,0.3456143612104855,61616657.117763855,0.3426233666136486,0.9400000000000048,1722988800000,40505350.616596766
2024-08-09,L8,0.2928402915585216,0.127312006155179,115846220.9799718,0.5085491889816492,0.3499999999999999,1723161600000,56932719.254018225
2024-08-12,S2,0.2427669194389562,0.2718617024744347,116793356.70727266,0.0575725181212858,0.0,1723420800000,110069269.0617974
2024-08-15,S2,0.4753097721680161,0.053157459970927,115948568.44372034,0.0064607693679526,0.56,1723680000000,115199451.4844612
2024-08-20,S2,0.445746106797224,0.0529666669143919,115981036.9794692,0.0036665321867797,0.4099999999999998,1724112000000,115555788.77432787
2024-08-25,L8,0.2545324425350267,0.3694473732005572,116161352.13531508,0.5783542290585726,0.21,1724544000000,48978942.874693565
2024-08-27,S2,0.2150083304103171,0.1024753381535838,112121242.36764902,0.0686591876606419,0.9200000000000002,1724716800000,104423088.9471843
2024-08-30,S2,0.4129777452455387,0.0622138458948869,116006416.78179862,0.0034706245188042,0.3899999999999999,1724976000000,115603802.06737708
